"","aesthetic","aes_link","depop_results","date"
"1","'70s Disco","https://aesthetics.fandom.com/wiki/70s_Disco",2,"2023-01-13"
"2","2-Tone","https://aesthetics.fandom.com/wiki/2_Tone",316,"2023-01-13"
"3","1950's Suburbia","https://aesthetics.fandom.com/wiki/1950s_Suburbia",NA,"2023-01-13"
"4","2014 Girly Tumblr","https://aesthetics.fandom.com/wiki/2014_Girly",NA,"2023-01-13"
"5","2K Animecore","https://aesthetics.fandom.com/wiki/2K_Animecore",NA,"2023-01-13"
"6","Abstract Tech","https://aesthetics.fandom.com/wiki/Abstract_Tech",NA,"2023-01-13"
"7","Acid Pixie","https://aesthetics.fandom.com/wiki/Acid_Pixie",NA,"2023-01-13"
"8","Acidwave","https://aesthetics.fandom.com/wiki/Acidwave",3,"2023-01-13"
"9","Acubi","https://aesthetics.fandom.com/wiki/Acubi",73,"2023-01-13"
"10","Adventure Pulp","https://aesthetics.fandom.com/wiki/Adventure_Pulp",NA,"2023-01-13"
"11","Adventurecore","https://aesthetics.fandom.com/wiki/Adventurecore",40,"2023-01-13"
"12","Aetherpunk","https://aesthetics.fandom.com/wiki/Aetherpunk",NA,"2023-01-13"
"13","Afrofuturism","https://aesthetics.fandom.com/wiki/Afrofuturism",1,"2023-01-13"
"14","Afro-Victorian","https://aesthetics.fandom.com/wiki/Afro-Victorian",1,"2023-01-13"
"15","After Hours","https://aesthetics.fandom.com/wiki/After_Hours",267,"2023-01-13"
"16","Agropeople","https://aesthetics.fandom.com/wiki/Agrogirl/Agroboy",NA,"2023-01-13"
"17","Alien","https://aesthetics.fandom.com/wiki/Alien",547,"2023-01-13"
"18","Alternative","https://aesthetics.fandom.com/wiki/Alternative",8846,"2023-01-13"
"19","Americana","https://aesthetics.fandom.com/wiki/Americana",10,"2023-01-13"
"20","Analog Horror","https://aesthetics.fandom.com/wiki/Analog_Horror",NA,"2023-01-13"
"21","American Pioneers","https://aesthetics.fandom.com/wiki/American_Pioneers",NA,"2023-01-13"
"22","American Revolution","https://aesthetics.fandom.com/wiki/American_Revolution",NA,"2023-01-13"
"23","American Thanksgiving","https://aesthetics.fandom.com/wiki/American_Thanksgiving",NA,"2023-01-13"
"24","American Tourist Traps","https://aesthetics.fandom.com/wiki/American_Tourist_Traps",NA,"2023-01-13"
"25","Ancient Egypt","https://aesthetics.fandom.com/wiki/Ancient_Egypt",22,"2023-01-13"
"26","Androgynous","https://aesthetics.fandom.com/wiki/Androgynous",441,"2023-01-13"
"27","Anemoiacore","https://aesthetics.fandom.com/wiki/Anemoiacore",NA,"2023-01-13"
"28","Angelcore","https://aesthetics.fandom.com/wiki/Angelcore",1334,"2023-01-13"
"29","Anglocore","https://aesthetics.fandom.com/wiki/Anglocore",1221,"2023-01-13"
"30","Anglo Gothic","https://aesthetics.fandom.com/wiki/Anglo_Gothic",NA,"2023-01-13"
"31","Angura Kei","https://aesthetics.fandom.com/wiki/Angura_Kei",NA,"2023-01-13"
"32","Animecore","https://aesthetics.fandom.com/wiki/Animecore",NA,"2023-01-13"
"33","Antique Grunge","https://aesthetics.fandom.com/wiki/Antique_Grunge",NA,"2023-01-13"
"34","Anti-Fashion","https://aesthetics.fandom.com/wiki/Anti-Fashion",31,"2023-01-13"
"35","Arcade","https://aesthetics.fandom.com/wiki/Arcade",NA,"2023-01-13"
"36","Arcadecore","https://aesthetics.fandom.com/wiki/Arcadecore",NA,"2023-01-13"
"37","Art Academia","https://aesthetics.fandom.com/wiki/Art_Academia",NA,"2023-01-13"
"38","Arts and Crafts Movement","https://aesthetics.fandom.com/wiki/Arts_and_Crafts_Movement",NA,"2023-01-13"
"39","Art Deco","https://aesthetics.fandom.com/wiki/Art_Deco",NA,"2023-01-13"
"40","Art Hoe","https://aesthetics.fandom.com/wiki/Art_Hoe",NA,"2023-01-13"
"41","Art Nouveau","https://aesthetics.fandom.com/wiki/Art_Nouveau",NA,"2023-01-13"
"42","Asian Baby Girl","https://aesthetics.fandom.com/wiki/Asian_Baby_Girl",NA,"2023-01-13"
"43","Athlete","https://aesthetics.fandom.com/wiki/Athlete",282,"2023-01-13"
"44","Atompunk","https://aesthetics.fandom.com/wiki/Atompunk",1,"2023-01-13"
"45","Auroracore","https://aesthetics.fandom.com/wiki/Auroracore",4,"2023-01-13"
"46","Autumn Academia","https://aesthetics.fandom.com/wiki/Autumn_Academia",NA,"2023-01-13"
"47","Autumn","https://aesthetics.fandom.com/wiki/Autumn",2,"2023-01-13"
"48","Avant Apocalypse","https://aesthetics.fandom.com/wiki/Avant_Apocalypse",NA,"2023-01-13"
"49","Avant-garde","https://aesthetics.fandom.com/wiki/Avant-garde",1641,"2023-01-13"
"50","Babycore","https://aesthetics.fandom.com/wiki/Babycore",165,"2023-01-13"
"51","Babygirl","https://aesthetics.fandom.com/wiki/Babygirl",4151,"2023-01-13"
"52","Back-to-School","https://aesthetics.fandom.com/wiki/Back-to-School",931,"2023-01-13"
"53","Baddie","https://aesthetics.fandom.com/wiki/Baddie",4741,"2023-01-13"
"54","Ballet Academia","https://aesthetics.fandom.com/wiki/Ballet_Academia",NA,"2023-01-13"
"55","Baltic Violence Tumblr","https://aesthetics.fandom.com/wiki/Baltic_Violence_Tumblr",NA,"2023-01-13"
"56","Barbiecore","https://aesthetics.fandom.com/wiki/Barbiecore",257,"2023-01-13"
"57","Bardcore","https://aesthetics.fandom.com/wiki/Bardcore",1,"2023-01-13"
"58","Baroque","https://aesthetics.fandom.com/wiki/Baroque",299,"2023-01-13"
"59","Bastardcore","https://aesthetics.fandom.com/wiki/Bastardcore",1,"2023-01-13"
"60","Bauhaus","https://aesthetics.fandom.com/wiki/Bauhaus",7,"2023-01-13"
"61","BDSM","https://aesthetics.fandom.com/wiki/BDSM",71,"2023-01-13"
"62","Beach Bunny","https://aesthetics.fandom.com/wiki/Beach_Bunny",NA,"2023-01-13"
"63","Beach Day","https://aesthetics.fandom.com/wiki/Beach_Day",NA,"2023-01-13"
"64","Beatnik","https://aesthetics.fandom.com/wiki/Beatnik",24,"2023-01-13"
"65","Biker","https://aesthetics.fandom.com/wiki/Biker",2038,"2023-01-13"
"66","Bimbocore","https://aesthetics.fandom.com/wiki/Bimbocore",181,"2023-01-13"
"67","Biohazard","https://aesthetics.fandom.com/wiki/Biohazard",7,"2023-01-13"
"68","Biopunk","https://aesthetics.fandom.com/wiki/Biopunk",115,"2023-01-13"
"69","Bizarro Fiction","https://aesthetics.fandom.com/wiki/Bizarro_Fiction",NA,"2023-01-13"
"70","Black-Holed Meme","https://aesthetics.fandom.com/wiki/Black-Holed_Meme",NA,"2023-01-13"
"71","Bloomcore","https://aesthetics.fandom.com/wiki/Bloomcore",58,"2023-01-13"
"72","Bodikon","https://aesthetics.fandom.com/wiki/Bodikon",3,"2023-01-13"
"73","Bohemian","https://aesthetics.fandom.com/wiki/Bohemian",7609,"2023-01-13"
"74","Bombacore","https://aesthetics.fandom.com/wiki/Bombacore",103,"2023-01-13"
"75","Bookstore Girl","https://aesthetics.fandom.com/wiki/Bookstore_Girl",NA,"2023-01-13"
"76","Bosozoku","https://aesthetics.fandom.com/wiki/Bosozoku",NA,"2023-01-13"
"77","Boujee","https://aesthetics.fandom.com/wiki/Boujee",331,"2023-01-13"
"78","Breakcore","https://aesthetics.fandom.com/wiki/Breakcore",3,"2023-01-13"
"79","Britpop","https://aesthetics.fandom.com/wiki/Britpop",65,"2023-01-13"
"80","Brocore","https://aesthetics.fandom.com/wiki/Brocore",NA,"2023-01-13"
"81","Bronzepunk","https://aesthetics.fandom.com/wiki/Bronzepunk",1,"2023-01-13"
"82","Bunni Frog","https://aesthetics.fandom.com/wiki/Bunni_Frog",NA,"2023-01-13"
"83","Bubble Bujo","https://aesthetics.fandom.com/wiki/Bubble_Bujo",NA,"2023-01-13"
"84","Bubble Goth","https://aesthetics.fandom.com/wiki/Bubble_Goth",NA,"2023-01-13"
"85","Bubblegum Bitch","https://aesthetics.fandom.com/wiki/Bubblegum_Bitch",4,"2023-01-13"
"86","Bubblegum Witch","https://aesthetics.fandom.com/wiki/Bubblegum_Witch",NA,"2023-01-13"
"87","Cabincore","https://aesthetics.fandom.com/wiki/Cabincore",164,"2023-01-13"
"88","Cagole","https://aesthetics.fandom.com/wiki/Cagole",20,"2023-01-13"
"89","Camp","https://aesthetics.fandom.com/wiki/Camp",5,"2023-01-13"
"90","Campcore","https://aesthetics.fandom.com/wiki/Campcore",12,"2023-01-13"
"91","Candycore","https://aesthetics.fandom.com/wiki/Candycore",52,"2023-01-13"
"92","Cargopunk","https://aesthetics.fandom.com/wiki/Cargopunk",3,"2023-01-13"
"93","Carnivalcore","https://aesthetics.fandom.com/wiki/Carnivalcore",1,"2023-01-13"
"94","Cartelcore","https://aesthetics.fandom.com/wiki/Cartelcore",NA,"2023-01-13"
"95","Cartooncore","https://aesthetics.fandom.com/wiki/Cartooncore",2,"2023-01-13"
"96","Casino","https://aesthetics.fandom.com/wiki/Casino",38,"2023-01-13"
"97","Cassette Futurism","https://aesthetics.fandom.com/wiki/Cassette_Futurism",NA,"2023-01-13"
"98","Celtic","https://aesthetics.fandom.com/wiki/Celtic",307,"2023-01-13"
"99","Changelingcore","https://aesthetics.fandom.com/wiki/Changelingcore",NA,"2023-01-13"
"100","Chaotic Academia","https://aesthetics.fandom.com/wiki/Chaotic_Academia",NA,"2023-01-13"
"101","Chav","https://aesthetics.fandom.com/wiki/Chav",1,"2023-01-13"
"102","Cheiron Crush","https://aesthetics.fandom.com/wiki/Cheiron_Crush",NA,"2023-01-13"
"103","Cherry Emoji Twitter","https://aesthetics.fandom.com/wiki/Cherry_Emoji_Twitter",NA,"2023-01-13"
"104","Chic Modernist","https://aesthetics.fandom.com/wiki/Chic_Modernist",NA,"2023-01-13"
"105","Cholo","https://aesthetics.fandom.com/wiki/Cholo",5,"2023-01-13"
"106","Christcore","https://aesthetics.fandom.com/wiki/Christcore",1,"2023-01-13"
"107","Christian Girl Autumn","https://aesthetics.fandom.com/wiki/Christian_Girl_Autumn",NA,"2023-01-13"
"108","Christmas","https://aesthetics.fandom.com/wiki/Christmas",2969,"2023-01-13"
"109","Chunyu","https://aesthetics.fandom.com/wiki/Chunyu",NA,"2023-01-13"
"110","City Pop","https://aesthetics.fandom.com/wiki/City_Pop",NA,"2023-01-13"
"111","Classic Academia","https://aesthetics.fandom.com/wiki/Classic_Academia",NA,"2023-01-13"
"112","Classic Lolita","https://aesthetics.fandom.com/wiki/Classic_Lolita",NA,"2023-01-13"
"113","Classicism","https://aesthetics.fandom.com/wiki/Classicism",204,"2023-01-13"
"114","Cleancore","https://aesthetics.fandom.com/wiki/Cleancore",287,"2023-01-13"
"115","Clockpunk","https://aesthetics.fandom.com/wiki/Clockpunk",NA,"2023-01-13"
"116","Cloudcore","https://aesthetics.fandom.com/wiki/Single-Subject_Aesthetics",284,"2023-01-13"
"117","Clowncore","https://aesthetics.fandom.com/wiki/Clowncore",337,"2023-01-13"
"118","Club","https://aesthetics.fandom.com/wiki/Club",NA,"2023-01-13"
"119","Club Kids","https://aesthetics.fandom.com/wiki/Club_Kids",NA,"2023-01-13"
"120","Coastal Grandmother","https://aesthetics.fandom.com/wiki/Coastal_Grandmother",249,"2023-01-13"
"121","Cutecore","https://aesthetics.fandom.com/wiki/Cutecore",210,"2023-01-13"
"122","Coffee House/Cafe","https://aesthetics.fandom.com/wiki/Coffee_House/Cafe",1,"2023-01-13"
"123","Coffinwood","https://aesthetics.fandom.com/wiki/Coffinwood",NA,"2023-01-13"
"124","Colourful Black","https://aesthetics.fandom.com/wiki/Colourful_Black",NA,"2023-01-13"
"125","Comfy/Cozy","https://aesthetics.fandom.com/wiki/Comfy/Cozy",1149,"2023-01-13"
"126","Common White Girl","https://aesthetics.fandom.com/wiki/Common_White_Girl",NA,"2023-01-13"
"127","Concore","https://aesthetics.fandom.com/wiki/Concore",7,"2023-01-13"
"128","Constructivism","https://aesthetics.fandom.com/wiki/Constructivism",3,"2023-01-13"
"129","Corporate","https://aesthetics.fandom.com/wiki/Corporate",NA,"2023-01-13"
"130","Corporate Memphis","https://aesthetics.fandom.com/wiki/Corporate_Memphis",NA,"2023-01-13"
"131","Corporate Punk","https://aesthetics.fandom.com/wiki/Corporate_Punk",NA,"2023-01-13"
"132","Cottagecore","https://aesthetics.fandom.com/wiki/Cottagecore",23402,"2023-01-13"
"133","Cottagegore","https://aesthetics.fandom.com/wiki/Cottagegore",18010,"2023-01-13"
"134","Coquette Academia","https://aesthetics.fandom.com/wiki/Coquette_Academia",NA,"2023-01-13"
"135","Coquette","https://aesthetics.fandom.com/wiki/Coquette",23,"2023-01-13"
"136","Country","https://aesthetics.fandom.com/wiki/Country",942,"2023-01-13"
"137","Cozy Childhood Hideaway","https://aesthetics.fandom.com/wiki/Cozy_Childhood_Hideaway",NA,"2023-01-13"
"138","C-Pop","https://aesthetics.fandom.com/wiki/C-Pop",38,"2023-01-13"
"139","Crackhead","https://aesthetics.fandom.com/wiki/Crackhead",96,"2023-01-13"
"140","Craftcore","https://aesthetics.fandom.com/wiki/Craftcore",15,"2023-01-13"
"141","Cripplepunk","https://aesthetics.fandom.com/wiki/Cripplepunk",NA,"2023-01-13"
"142","Crowcore","https://aesthetics.fandom.com/wiki/Crowcore",17,"2023-01-13"
"143","Crustpunk","https://aesthetics.fandom.com/wiki/Crustpunk",18,"2023-01-13"
"144","Cryptid Academia","https://aesthetics.fandom.com/wiki/Cryptid_Academia",NA,"2023-01-13"
"145","Cryptidcore","https://aesthetics.fandom.com/wiki/Cryptidcore",7,"2023-01-13"
"146","Cubism","https://aesthetics.fandom.com/wiki/Cubism",3,"2023-01-13"
"147","Cuddle Party","https://aesthetics.fandom.com/wiki/Cuddle_Party",NA,"2023-01-13"
"148","Cultcore","https://aesthetics.fandom.com/wiki/Cultcore",NA,"2023-01-13"
"149","Cult Party Kei","https://aesthetics.fandom.com/wiki/Cult_Party_Kei",NA,"2023-01-13"
"150","Cyberdelic","https://aesthetics.fandom.com/wiki/Cyberdelic",2,"2023-01-13"
"151","Cyber Fairy Grunge","https://aesthetics.fandom.com/wiki/Cyber_Fairy_Grunge",NA,"2023-01-13"
"152","Cyberghetto","https://aesthetics.fandom.com/wiki/Cyberghetto",67,"2023-01-13"
"153","Cybergoth","https://aesthetics.fandom.com/wiki/Cybergoth",527,"2023-01-13"
"154","Cybergrunge","https://aesthetics.fandom.com/wiki/Cybergrunge",311,"2023-01-13"
"155","CyberneticPunk","https://aesthetics.fandom.com/wiki/CyberneticPunk",NA,"2023-01-13"
"156","Cyberparadism","https://aesthetics.fandom.com/wiki/Cyberparadism",NA,"2023-01-13"
"157","Cyberpop","https://aesthetics.fandom.com/wiki/Cyberpop",3,"2023-01-13"
"158","Cyberprep","https://aesthetics.fandom.com/wiki/Cyberprep",NA,"2023-01-13"
"159","Cyberpunk","https://aesthetics.fandom.com/wiki/Cyberpunk",688,"2023-01-13"
"160","Danish Pastel","https://aesthetics.fandom.com/wiki/Danish_Pastel",NA,"2023-01-13"
"161","DarkErrorcore","https://aesthetics.fandom.com/wiki/DarkErrorcore",NA,"2023-01-13"
"162","Dark Academia","https://aesthetics.fandom.com/wiki/Dark_Academia",NA,"2023-01-13"
"163","Dark Fantasy","https://aesthetics.fandom.com/wiki/Dark_Fantasy",NA,"2023-01-13"
"164","Dark Naturalism","https://aesthetics.fandom.com/wiki/Dark_Naturalism",NA,"2023-01-13"
"165","Dark Nautical","https://aesthetics.fandom.com/wiki/Dark_Nautical",NA,"2023-01-13"
"166","Dark Nymphet","https://aesthetics.fandom.com/wiki/Dark_Nymphet",NA,"2023-01-13"
"167","Dark Paradise","https://aesthetics.fandom.com/wiki/Dark_Paradise",NA,"2023-01-13"
"168","Darkcore","https://aesthetics.fandom.com/wiki/Darkcore",9,"2023-01-13"
"169","Darkest Academia","https://aesthetics.fandom.com/wiki/Darkest_Academia",NA,"2023-01-13"
"170","Daydreampunk","https://aesthetics.fandom.com/wiki/Daydreampunk",1,"2023-01-13"
"171","Dazecore","https://aesthetics.fandom.com/wiki/Dazecore",3,"2023-01-13"
"172","De Stijl","https://aesthetics.fandom.com/wiki/De_Stijl",NA,"2023-01-13"
"173","Deathcore","https://aesthetics.fandom.com/wiki/Deathcore",92,"2023-01-13"
"174","Deathrock","https://aesthetics.fandom.com/wiki/Deathrock",38,"2023-01-13"
"175","Decopunk","https://aesthetics.fandom.com/wiki/Decopunk",3,"2023-01-13"
"176","Decora","https://aesthetics.fandom.com/wiki/Decora",3486,"2023-01-13"
"177","Delicate Sweet","https://aesthetics.fandom.com/wiki/Delicate_Sweet",122,"2023-01-13"
"178","Desertwave","https://aesthetics.fandom.com/wiki/Desertwave",2,"2023-01-13"
"179","Desi Romantic Academia","https://aesthetics.fandom.com/wiki/Desi_Romantic_Academia",NA,"2023-01-13"
"180","Dethereal","https://aesthetics.fandom.com/wiki/Dethereal",NA,"2023-01-13"
"181","Devilcore","https://aesthetics.fandom.com/wiki/Devilcore",23,"2023-01-13"
"182","Dieselpunk","https://aesthetics.fandom.com/wiki/Dieselpunk",2,"2023-01-13"
"183","Diner","https://aesthetics.fandom.com/wiki/Diner",547,"2023-01-13"
"184","Dionysism","https://aesthetics.fandom.com/wiki/Dionysism",1,"2023-01-13"
"185","Dolly Kei","https://aesthetics.fandom.com/wiki/Dolly_Kei",NA,"2023-01-13"
"186","Downtown Girl","https://aesthetics.fandom.com/wiki/Downtown_Girl",NA,"2023-01-13"
"187","Dracopunk","https://aesthetics.fandom.com/wiki/Dracopunk",3,"2023-01-13"
"188","Dragoncore","https://aesthetics.fandom.com/wiki/Dragoncore",5,"2023-01-13"
"189","Drain","https://aesthetics.fandom.com/wiki/Drain",430,"2023-01-13"
"190","Dreamcore","https://aesthetics.fandom.com/wiki/Dreamcore",70,"2023-01-13"
"191","Dreamy","https://aesthetics.fandom.com/wiki/Dreamy",1942,"2023-01-13"
"192","Drugcore","https://aesthetics.fandom.com/wiki/Drugcore",NA,"2023-01-13"
"193","Dual Kawaii","https://aesthetics.fandom.com/wiki/Dual_Kawaii",NA,"2023-01-13"
"194","Duckcore","https://aesthetics.fandom.com/wiki/Duckcore",NA,"2023-01-13"
"195","Dullcore","https://aesthetics.fandom.com/wiki/Dullcore",383,"2023-01-13"
"196","Dungeon Synth","https://aesthetics.fandom.com/wiki/Dungeon_Synth",NA,"2023-01-13"
"197","E-Boy","https://aesthetics.fandom.com/wiki/E-Boy",5016,"2023-01-13"
"198","E-Girl","https://aesthetics.fandom.com/wiki/E-Girl",18565,"2023-01-13"
"199","Earthcore","https://aesthetics.fandom.com/wiki/Earthcore",774,"2023-01-13"
"200","ElectroPop 08","https://aesthetics.fandom.com/wiki/ElectroPop_08",NA,"2023-01-13"
"201","Electro Swing","https://aesthetics.fandom.com/wiki/Electro_Swing",NA,"2023-01-13"
"202","Emo","https://aesthetics.fandom.com/wiki/Emo",NA,"2023-01-13"
"203","English Major","https://aesthetics.fandom.com/wiki/English_Major",8,"2023-01-13"
"204","Equestrian","https://aesthetics.fandom.com/wiki/Equestrian",99,"2023-01-13"
"205","Erokawa","https://aesthetics.fandom.com/wiki/Erokawa",NA,"2023-01-13"
"206","Ethereal","https://aesthetics.fandom.com/wiki/Ethereal",NA,"2023-01-13"
"207","Europunk","https://aesthetics.fandom.com/wiki/Europunk",NA,"2023-01-13"
"208","Expressionism","https://aesthetics.fandom.com/wiki/Expressionism",18,"2023-01-13"
"209","Fairy Academia","https://aesthetics.fandom.com/wiki/Fairy_Academia",NA,"2023-01-13"
"210","Fairy Grunge","https://aesthetics.fandom.com/wiki/Fairy_Grunge",NA,"2023-01-13"
"211","Fairy Kei","https://aesthetics.fandom.com/wiki/Fairy_Kei",NA,"2023-01-13"
"212","Fairy Tale","https://aesthetics.fandom.com/wiki/Fairy_Tale",NA,"2023-01-13"
"213","Fairycore","https://aesthetics.fandom.com/wiki/Fairycore",12662,"2023-01-13"
"214","Fanfare","https://aesthetics.fandom.com/wiki/Fanfare",1,"2023-01-13"
"215","Fantasy","https://aesthetics.fandom.com/wiki/Fantasy",NA,"2023-01-13"
"216","Fantasy Astronomy","https://aesthetics.fandom.com/wiki/Fantasy_Astronomy",NA,"2023-01-13"
"217","Fashwave","https://aesthetics.fandom.com/wiki/Fashwave",NA,"2023-01-13"
"218","Farmer's Daughter","https://aesthetics.fandom.com/wiki/Farmer%27s_Daughter",27,"2023-01-13"
"219","Fauvism","https://aesthetics.fandom.com/wiki/Fauvism",NA,"2023-01-13"
"220","Fawncore","https://aesthetics.fandom.com/wiki/Fawncore",31,"2023-01-13"
"221","Femboy","https://aesthetics.fandom.com/wiki/Femboy",16,"2023-01-13"
"222","Femcel Weeaboo","https://aesthetics.fandom.com/wiki/Femcel_Weeaboo",NA,"2023-01-13"
"223","Femme Fatale","https://aesthetics.fandom.com/wiki/Femme_Fatale",76,"2023-01-13"
"224","Feralcore","https://aesthetics.fandom.com/wiki/Feralcore",5,"2023-01-13"
"225","Film Noir","https://aesthetics.fandom.com/wiki/Film_Noir",25,"2023-01-13"
"226","Flapper","https://aesthetics.fandom.com/wiki/Flapper",50,"2023-01-13"
"227","Flat Design","https://aesthetics.fandom.com/wiki/Flat_Design",NA,"2023-01-13"
"228","Folk Punk","https://aesthetics.fandom.com/wiki/Folk_Punk",NA,"2023-01-13"
"229","Foodie","https://aesthetics.fandom.com/wiki/Foodie",20,"2023-01-13"
"230","Forestpunk","https://aesthetics.fandom.com/wiki/Forestpunk",45,"2023-01-13"
"231","French Girl","https://aesthetics.fandom.com/wiki/French_Girl",NA,"2023-01-13"
"232","French Girly","https://aesthetics.fandom.com/wiki/French_Girly",15,"2023-01-13"
"233","Frogcore","https://aesthetics.fandom.com/wiki/Frogcore",18,"2023-01-13"
"234","Frutiger Aero","https://aesthetics.fandom.com/wiki/Frutiger_Aero",NA,"2023-01-13"
"235","Funky Seasons","https://aesthetics.fandom.com/wiki/Funky_Seasons",79,"2023-01-13"
"236","Furry","https://aesthetics.fandom.com/wiki/Furry",304,"2023-01-13"
"237","Futago","https://aesthetics.fandom.com/wiki/Futago",NA,"2023-01-13"
"238","Futurism","https://aesthetics.fandom.com/wiki/Futurism",NA,"2023-01-13"
"239","Gadgetpunk","https://aesthetics.fandom.com/wiki/Gadgetpunk",NA,"2023-01-13"
"240","Game Night","https://aesthetics.fandom.com/wiki/Game_Night",NA,"2023-01-13"
"241","Gamercore","https://aesthetics.fandom.com/wiki/Gamercore",NA,"2023-01-13"
"242","Gamine","https://aesthetics.fandom.com/wiki/Gamine",173,"2023-01-13"
"243","Geek","https://aesthetics.fandom.com/wiki/Geek",78,"2023-01-13"
"244","Gen X Soft Club","https://aesthetics.fandom.com/wiki/Gen_X_Soft_Club",NA,"2023-01-13"
"245","Ghostcore","https://aesthetics.fandom.com/wiki/Ghostcore",12,"2023-01-13"
"246","Girl-Next-Door","https://aesthetics.fandom.com/wiki/Girl-Next-Door",65,"2023-01-13"
"247","Glam Girl","https://aesthetics.fandom.com/wiki/Glam_Girl",NA,"2023-01-13"
"248","Glam Rock","https://aesthetics.fandom.com/wiki/Glam_Rock",NA,"2023-01-13"
"249","Glitchcore","https://aesthetics.fandom.com/wiki/Glitchcore",60,"2023-01-13"
"250","Gloomcore","https://aesthetics.fandom.com/wiki/Gloomcore",46,"2023-01-13"
"251","Glowwave","https://aesthetics.fandom.com/wiki/Glowwave",NA,"2023-01-13"
"252","Goblin Academia","https://aesthetics.fandom.com/wiki/Goblin_Academia",NA,"2023-01-13"
"253","Goblincore","https://aesthetics.fandom.com/wiki/Goblincore",1648,"2023-01-13"
"254","Golden Age of Detective Fiction","https://aesthetics.fandom.com/wiki/Golden_Age_of_Detective_Fiction",NA,"2023-01-13"
"255","Golden Hour","https://aesthetics.fandom.com/wiki/Golden_Hour",NA,"2023-01-13"
"256","Gopnik","https://aesthetics.fandom.com/wiki/Gopnik",3,"2023-01-13"
"257","Gorecore","https://aesthetics.fandom.com/wiki/Gorecore",869,"2023-01-13"
"258","Gorpcore","https://aesthetics.fandom.com/wiki/Gorpcore",870,"2023-01-13"
"259","Goth","https://aesthetics.fandom.com/wiki/Goth",NA,"2023-01-13"
"260","Gothcore","https://aesthetics.fandom.com/wiki/Gothcore",290,"2023-01-13"
"261","Gothic","https://aesthetics.fandom.com/wiki/Gothic",NA,"2023-01-13"
"262","Gothic Lolita","https://aesthetics.fandom.com/wiki/Gothic_Lolita",NA,"2023-01-13"
"263","Grandmillenial","https://aesthetics.fandom.com/wiki/Grandmillenial",12,"2023-01-13"
"264","Grandparentcore","https://aesthetics.fandom.com/wiki/Grandparentcore",12,"2023-01-13"
"265","Greaser","https://aesthetics.fandom.com/wiki/Greaser",43,"2023-01-13"
"266","Green Academia","https://aesthetics.fandom.com/wiki/Green_Academia",NA,"2023-01-13"
"267","Grifes","https://aesthetics.fandom.com/wiki/Grifes",11,"2023-01-13"
"268","Grindhouse","https://aesthetics.fandom.com/wiki/Grindhouse",1,"2023-01-13"
"269","Groundcore","https://aesthetics.fandom.com/wiki/Groundcore",9,"2023-01-13"
"270","Grunge","https://aesthetics.fandom.com/wiki/Grunge",NA,"2023-01-13"
"271","Gull Girl","https://aesthetics.fandom.com/wiki/Gull_Girl",NA,"2023-01-13"
"272","Gurokawa","https://aesthetics.fandom.com/wiki/Gurokawa",10,"2023-01-13"
"273","Gyaru","https://aesthetics.fandom.com/wiki/Gyaru",471,"2023-01-13"
"274","Hackercore","https://aesthetics.fandom.com/wiki/Hackercore",1,"2023-01-13"
"275","Halloween","https://aesthetics.fandom.com/wiki/Halloween",3790,"2023-01-13"
"276","Hallyu","https://aesthetics.fandom.com/wiki/Hallyu",1,"2023-01-13"
"277","Happycore","https://aesthetics.fandom.com/wiki/Happycore",13,"2023-01-13"
"278","Hatecore","https://aesthetics.fandom.com/wiki/Hatecore",NA,"2023-01-13"
"279","Hauntology","https://aesthetics.fandom.com/wiki/Hauntology",NA,"2023-01-13"
"280","Haussmann Paris","https://aesthetics.fandom.com/wiki/Haussmann_Paris",NA,"2023-01-13"
"281","Health Goth","https://aesthetics.fandom.com/wiki/Health_Goth",NA,"2023-01-13"
"282","Heatwave","https://aesthetics.fandom.com/wiki/Heatwave",4,"2023-01-13"
"283","Heistcore","https://aesthetics.fandom.com/wiki/Heistcore",6,"2023-01-13"
"284","Hellenic","https://aesthetics.fandom.com/wiki/Hellenic",2,"2023-01-13"
"285","Helvetica Aqua Aero","https://aesthetics.fandom.com/wiki/Helvetica_Aqua_Aero",NA,"2023-01-13"
"286","Hermaphroditus","https://aesthetics.fandom.com/wiki/Hermaphroditus",NA,"2023-01-13"
"287","Hermitpunk","https://aesthetics.fandom.com/wiki/Hermitpunk",NA,"2023-01-13"
"288","Hexatron","https://aesthetics.fandom.com/wiki/Hexatron",NA,"2023-01-13"
"289","Hi-NRG","https://aesthetics.fandom.com/wiki/Hi-NRG",NA,"2023-01-13"
"290","High School Dream","https://aesthetics.fandom.com/wiki/High_School_Dream",NA,"2023-01-13"
"291","Hikecore","https://aesthetics.fandom.com/wiki/Hikecore",2,"2023-01-13"
"292","Hime Lolita","https://aesthetics.fandom.com/wiki/Hime_Lolita",NA,"2023-01-13"
"293","Hip-Hop","https://aesthetics.fandom.com/wiki/Hip-Hop",862,"2023-01-13"
"294","Hipness Purgatory","https://aesthetics.fandom.com/wiki/Hipness_Purgatory",NA,"2023-01-13"
"295","Hippie","https://aesthetics.fandom.com/wiki/Hippie",18096,"2023-01-13"
"296","Hipster","https://aesthetics.fandom.com/wiki/Hipster",4150,"2023-01-13"
"297","Hispanicore","https://aesthetics.fandom.com/wiki/Hispanicore",NA,"2023-01-13"
"298","Historical Americana","https://aesthetics.fandom.com/wiki/Historical_Americana",10,"2023-01-13"
"299","Holosexual","https://aesthetics.fandom.com/wiki/Holosexual",5,"2023-01-13"
"300","Honeycore","https://aesthetics.fandom.com/wiki/Honeycore",115,"2023-01-13"
"301","Horror","https://aesthetics.fandom.com/wiki/Horror",NA,"2023-01-13"
"302","Horror Academia","https://aesthetics.fandom.com/wiki/Horror_Academia",NA,"2023-01-13"
"303","Hot Topic","https://aesthetics.fandom.com/wiki/Hot_Topic",NA,"2023-01-13"
"304","Hustlewave","https://aesthetics.fandom.com/wiki/Hustlewave",NA,"2023-01-13"
"305","Hydrogen","https://aesthetics.fandom.com/wiki/Hydrogen",3,"2023-01-13"
"306","Hyperpop","https://aesthetics.fandom.com/wiki/Hyperpop",37,"2023-01-13"
"307","Icepunk","https://aesthetics.fandom.com/wiki/Icepunk",2,"2023-01-13"
"308","Imaginarium","https://aesthetics.fandom.com/wiki/Imaginarium",NA,"2023-01-13"
"309","Impressionism","https://aesthetics.fandom.com/wiki/Impressionism",NA,"2023-01-13"
"310","Indie","https://aesthetics.fandom.com/wiki/Indie",1,"2023-01-13"
"311","Indie Kid","https://aesthetics.fandom.com/wiki/Indie_Kid",NA,"2023-01-13"
"312","Indie Sleaze","https://aesthetics.fandom.com/wiki/Indie_Sleaze",1,"2023-01-13"
"313","Indicolite","https://aesthetics.fandom.com/wiki/Indicolite",NA,"2023-01-13"
"314","Internet Academia","https://aesthetics.fandom.com/wiki/Internet_Academia",NA,"2023-01-13"
"315","Italo Disco","https://aesthetics.fandom.com/wiki/Italo_Disco",2,"2023-01-13"
"316","Italian Mafia","https://aesthetics.fandom.com/wiki/Italian_Mafia",NA,"2023-01-13"
"317","Italian Renaissance","https://aesthetics.fandom.com/wiki/Italian_Renaissance",NA,"2023-01-13"
"318","Jamcore","https://aesthetics.fandom.com/wiki/Jamcore",NA,"2023-01-13"
"319","Japanese High School","https://aesthetics.fandom.com/wiki/Japanese_High_School",NA,"2023-01-13"
"320","Jersey Shore","https://aesthetics.fandom.com/wiki/Jersey_Shore",171,"2023-01-13"
"321","Joyride","https://aesthetics.fandom.com/wiki/Joyride",1,"2023-01-13"
"322","Juggalo","https://aesthetics.fandom.com/wiki/Juggalo",3,"2023-01-13"
"323","Jungle Grunge","https://aesthetics.fandom.com/wiki/Jungle_Grunge",NA,"2023-01-13"
"324","Junglecore","https://aesthetics.fandom.com/wiki/Junglecore",3,"2023-01-13"
"325","Karasu Zoku","https://aesthetics.fandom.com/wiki/Karasu_Zoku",NA,"2023-01-13"
"326","Kawaii","https://aesthetics.fandom.com/wiki/Kawaii",NA,"2023-01-13"
"327","Kawaii Gamer","https://aesthetics.fandom.com/wiki/Kawaii_Gamer",NA,"2023-01-13"
"328","Key West Kitten","https://aesthetics.fandom.com/wiki/Key_West_Kitten",NA,"2023-01-13"
"329","Kidcore","https://aesthetics.fandom.com/wiki/Kidcore",6972,"2023-01-13"
"330","Kid Science","https://aesthetics.fandom.com/wiki/Kid_Science",NA,"2023-01-13"
"331","Kimoicore","https://aesthetics.fandom.com/wiki/Kimoicore",NA,"2023-01-13"
"332","Kinderwhore","https://aesthetics.fandom.com/wiki/Kinderwhore",711,"2023-01-13"
"333","Kingcore","https://aesthetics.fandom.com/wiki/Kingcore",15,"2023-01-13"
"334","King Gas","https://aesthetics.fandom.com/wiki/King_Gas",NA,"2023-01-13"
"335","Knightcore","https://aesthetics.fandom.com/wiki/Knightcore",NA,"2023-01-13"
"336","Kogal","https://aesthetics.fandom.com/wiki/Kogal",14,"2023-01-13"
"337","Kuromicore","https://aesthetics.fandom.com/wiki/Kuromicore",26,"2023-01-13"
"338","La Sape","https://aesthetics.fandom.com/wiki/La_Sape",NA,"2023-01-13"
"339","Labcore","https://aesthetics.fandom.com/wiki/Labcore",2,"2023-01-13"
"340","Laborwave","https://aesthetics.fandom.com/wiki/Laborwave",NA,"2023-01-13"
"341","Lagenlook","https://aesthetics.fandom.com/wiki/Lagenlook",119,"2023-01-13"
"342","Larme Kei","https://aesthetics.fandom.com/wiki/Larme_Kei",NA,"2023-01-13"
"343","Late 2000s Elementary School","https://aesthetics.fandom.com/wiki/Late_2000s_Elementary_School",NA,"2023-01-13"
"344","Libertywave","https://aesthetics.fandom.com/wiki/Libertywave",NA,"2023-01-13"
"345","Light Academia","https://aesthetics.fandom.com/wiki/Light_Academia",NA,"2023-01-13"
"346","Lightcore","https://aesthetics.fandom.com/wiki/Lightcore",4,"2023-01-13"
"347","Lightningwave","https://aesthetics.fandom.com/wiki/Lightningwave",NA,"2023-01-13"
"348","Lil Girl","https://aesthetics.fandom.com/wiki/Lil_Girl",NA,"2023-01-13"
"349","Liminal Space","https://aesthetics.fandom.com/wiki/Liminal_Space",NA,"2023-01-13"
"350","Lit Kid","https://aesthetics.fandom.com/wiki/Lit_Kid",NA,"2023-01-13"
"351","Lo-Fi","https://aesthetics.fandom.com/wiki/Lo-Fi",209,"2023-01-13"
"352","Lobotomy-Chic","https://aesthetics.fandom.com/wiki/Lobotomy-Chic",NA,"2023-01-13"
"353","Lolita","https://aesthetics.fandom.com/wiki/Lolita",NA,"2023-01-13"
"354","Long Island","https://aesthetics.fandom.com/wiki/Long_Island",37,"2023-01-13"
"355","Lounge","https://aesthetics.fandom.com/wiki/Lounge",4708,"2023-01-13"
"356","Lovecore","https://aesthetics.fandom.com/wiki/Lovecore",865,"2023-01-13"
"357","Lunarpunk","https://aesthetics.fandom.com/wiki/Lunarpunk",NA,"2023-01-13"
"358","Macaute","https://aesthetics.fandom.com/wiki/Macaute",NA,"2023-01-13"
"359","Mad Scientist","https://aesthetics.fandom.com/wiki/Mad_Scientist",2,"2023-01-13"
"360","Magewave","https://aesthetics.fandom.com/wiki/Magewave",NA,"2023-01-13"
"361","Magical Girls","https://aesthetics.fandom.com/wiki/Magical_Girls",217,"2023-01-13"
"362","Maidcore","https://aesthetics.fandom.com/wiki/Maidcore",NA,"2023-01-13"
"363","Mallgoth","https://aesthetics.fandom.com/wiki/Mallgoth",2237,"2023-01-13"
"364","Mall Ninja","https://aesthetics.fandom.com/wiki/Mall_Ninja",NA,"2023-01-13"
"365","Maximalism","https://aesthetics.fandom.com/wiki/Maximalism",1351,"2023-01-13"
"366","McBling","https://aesthetics.fandom.com/wiki/McBling",617,"2023-01-13"
"367","Meatcore","https://aesthetics.fandom.com/wiki/Meatcore",NA,"2023-01-13"
"368","Medicalcore","https://aesthetics.fandom.com/wiki/Medicalcore",2,"2023-01-13"
"369","Medieval","https://aesthetics.fandom.com/wiki/Medieval",720,"2023-01-13"
"370","MTV Green Sky","https://aesthetics.fandom.com/wiki/MTV_Green_Sky",NA,"2023-01-13"
"371","Memphis","https://aesthetics.fandom.com/wiki/Memphis",NA,"2023-01-13"
"372","Mermaid","https://aesthetics.fandom.com/wiki/Mermaid",1290,"2023-01-13"
"373","Metal","https://aesthetics.fandom.com/wiki/Metal",1,"2023-01-13"
"374","Metalcore","https://aesthetics.fandom.com/wiki/Metalcore",25,"2023-01-13"
"375","Metalheart","https://aesthetics.fandom.com/wiki/Metalheart",43,"2023-01-13"
"376","Metrosexual","https://aesthetics.fandom.com/wiki/Metrosexual",NA,"2023-01-13"
"377","Miami Metro","https://aesthetics.fandom.com/wiki/Miami_Metro",NA,"2023-01-13"
"378","Midwest Emo","https://aesthetics.fandom.com/wiki/Midwest_Emo",NA,"2023-01-13"
"379","Midwest Gothic","https://aesthetics.fandom.com/wiki/Midwest_Gothic",NA,"2023-01-13"
"380","Military","https://aesthetics.fandom.com/wiki/Military",NA,"2023-01-13"
"381","Milk","https://aesthetics.fandom.com/wiki/Milk",497,"2023-01-13"
"382","Miniaturecore","https://aesthetics.fandom.com/wiki/Miniaturecore",NA,"2023-01-13"
"383","Minimalism","https://aesthetics.fandom.com/wiki/Minimalism",10877,"2023-01-13"
"384","Minivan Rock","https://aesthetics.fandom.com/wiki/Minivan_Rock",NA,"2023-01-13"
"385","Miscellaneous Academia","https://aesthetics.fandom.com/wiki/Miscellaneous_Academia",NA,"2023-01-13"
"386","Mizuiro Kaiwai","https://aesthetics.fandom.com/wiki/Mizuiro_Kaiwai",NA,"2023-01-13"
"387","Mod","https://aesthetics.fandom.com/wiki/Mod",NA,"2023-01-13"
"388","Modern Brazil","https://aesthetics.fandom.com/wiki/Modern_Brazil",NA,"2023-01-13"
"389","Modernism","https://aesthetics.fandom.com/wiki/Modernism",82,"2023-01-13"
"390","Mori Kei","https://aesthetics.fandom.com/wiki/Mori_Kei",NA,"2023-01-13"
"391","Morute","https://aesthetics.fandom.com/wiki/Morute",8,"2023-01-13"
"392","Mote Kei","https://aesthetics.fandom.com/wiki/Mote_Kei",NA,"2023-01-13"
"393","Mulchcore","https://aesthetics.fandom.com/wiki/Mulchcore",NA,"2023-01-13"
"394","Mushroomcore","https://aesthetics.fandom.com/wiki/Mushroomcore",94,"2023-01-13"
"395","Mosscore","https://aesthetics.fandom.com/wiki/Mosscore",6,"2023-01-13"
"396","Ms Paint","https://aesthetics.fandom.com/wiki/MS_Paint",10,"2023-01-13"
"397","Musical Academia","https://aesthetics.fandom.com/wiki/Musical_Academia",NA,"2023-01-13"
"398","Mythpunk","https://aesthetics.fandom.com/wiki/Mythpunk",1,"2023-01-13"
"399","Nanopunk","https://aesthetics.fandom.com/wiki/Nanopunk",NA,"2023-01-13"
"400","NATOwave","https://aesthetics.fandom.com/wiki/NATOwave?so=search#articleComments",NA,"2023-01-13"
"401","Naturecore","https://aesthetics.fandom.com/wiki/Naturecore",241,"2023-01-13"
"402","Nautical","https://aesthetics.fandom.com/wiki/Nautical",41,"2023-01-13"
"403","Nazi Chic","https://aesthetics.fandom.com/wiki/Nazi_Chic",NA,"2023-01-13"
"404","Neko","https://aesthetics.fandom.com/wiki/Neko",146,"2023-01-13"
"405","Neo-Romanism","https://aesthetics.fandom.com/wiki/Neo-Romanism",NA,"2023-01-13"
"406","Neo-Tokyo","https://aesthetics.fandom.com/wiki/Neo-Tokyo",1,"2023-01-13"
"407","Nerd","https://aesthetics.fandom.com/wiki/Nerd",1,"2023-01-13"
"408","Nerdcore","https://aesthetics.fandom.com/wiki/Nerdcore",11,"2023-01-13"
"409","New England Gothic","https://aesthetics.fandom.com/wiki/New_England_Gothic",NA,"2023-01-13"
"410","New Age","https://aesthetics.fandom.com/wiki/New_Age",NA,"2023-01-13"
"411","New Money","https://aesthetics.fandom.com/wiki/New_Money",NA,"2023-01-13"
"412","New Romantic","https://aesthetics.fandom.com/wiki/New_Romantic",NA,"2023-01-13"
"413","New Wave","https://aesthetics.fandom.com/wiki/New_Wave",NA,"2023-01-13"
"414","Night Luxe","https://aesthetics.fandom.com/wiki/Night_Luxe",NA,"2023-01-13"
"415","Nihilcore","https://aesthetics.fandom.com/wiki/Nihilcore",NA,"2023-01-13"
"416","Nintencore","https://aesthetics.fandom.com/wiki/Nintencore",NA,"2023-01-13"
"417","Normcore","https://aesthetics.fandom.com/wiki/Normcore",165,"2023-01-13"
"418","Northerness","https://aesthetics.fandom.com/wiki/Northerness",NA,"2023-01-13"
"419","Nostalgiacore","https://aesthetics.fandom.com/wiki/Nostalgiacore",109,"2023-01-13"
"420","Nuclear","https://aesthetics.fandom.com/wiki/Nuclear",2,"2023-01-13"
"421","Nu-Goth","https://aesthetics.fandom.com/wiki/Nu-Goth",98,"2023-01-13"
"422","Nymphet","https://aesthetics.fandom.com/wiki/Nymphet",185,"2023-01-13"
"423","Ocean Academia","https://aesthetics.fandom.com/wiki/Ocean_Academia",NA,"2023-01-13"
"424","Ocean Grunge","https://aesthetics.fandom.com/wiki/Ocean_Grunge",NA,"2023-01-13"
"425","Old Hollywood","https://aesthetics.fandom.com/wiki/Old_Hollywood",NA,"2023-01-13"
"426","Old Memecore","https://aesthetics.fandom.com/wiki/Old_Memecore",NA,"2023-01-13"
"427","Old Money","https://aesthetics.fandom.com/wiki/Old_Money",NA,"2023-01-13"
"428","Old Web","https://aesthetics.fandom.com/wiki/Old_Web",NA,"2023-01-13"
"429","Onii Kei","https://aesthetics.fandom.com/wiki/Onii_Kei",NA,"2023-01-13"
"430","Oshare Kei","https://aesthetics.fandom.com/wiki/Oshare_Kei",NA,"2023-01-13"
"431","Otaku","https://aesthetics.fandom.com/wiki/Otaku",272,"2023-01-13"
"432","Otherkin","https://aesthetics.fandom.com/wiki/Otherkin",57,"2023-01-13"
"433","Pachuco","https://aesthetics.fandom.com/wiki/Pachuco",1,"2023-01-13"
"434","Pale Grunge","https://aesthetics.fandom.com/wiki/Pale_Grunge",NA,"2023-01-13"
"435","Paleocore","https://aesthetics.fandom.com/wiki/Paleocore",2,"2023-01-13"
"436","Palewave","https://aesthetics.fandom.com/wiki/Palewave",2,"2023-01-13"
"437","Paramilitary","https://aesthetics.fandom.com/wiki/Paramilitary",NA,"2023-01-13"
"438","Party Animal","https://aesthetics.fandom.com/wiki/Party_Animal",NA,"2023-01-13"
"439","Party Kei","https://aesthetics.fandom.com/wiki/Party_Kei",NA,"2023-01-13"
"440","Pastel","https://aesthetics.fandom.com/wiki/Pastel",NA,"2023-01-13"
"441","Pastel Academia","https://aesthetics.fandom.com/wiki/Pastel_Academia",NA,"2023-01-13"
"442","Pastel Goth","https://aesthetics.fandom.com/wiki/Pastel_Goth",NA,"2023-01-13"
"443","Pastel Punk","https://aesthetics.fandom.com/wiki/Pastel_Punk",NA,"2023-01-13"
"444","PC Music","https://aesthetics.fandom.com/wiki/PC_Music",NA,"2023-01-13"
"445","Peach","https://aesthetics.fandom.com/wiki/Peach",1498,"2023-01-13"
"446","Pearly","https://aesthetics.fandom.com/wiki/Pearly",4185,"2023-01-13"
"447","Peoplehood","https://aesthetics.fandom.com/wiki/Peoplehood",NA,"2023-01-13"
"448","Photorealism","https://aesthetics.fandom.com/wiki/Photorealism",NA,"2023-01-13"
"449","Pink Parisian","https://aesthetics.fandom.com/wiki/Pink_Parisian",4,"2023-01-13"
"450","Pink Princess","https://aesthetics.fandom.com/wiki/Pink_Princess",NA,"2023-01-13"
"451","Pink Pilates Princess","https://aesthetics.fandom.com/wiki/Pink_Pilates_Princess",NA,"2023-01-13"
"452","Pin-up","https://aesthetics.fandom.com/wiki/Pin-up",884,"2023-01-13"
"453","Pinterest Coquette","https://aesthetics.fandom.com/wiki/Pinterest_Coquette",23,"2023-01-13"
"454","Pirate","https://aesthetics.fandom.com/wiki/Pirate",150,"2023-01-13"
"455","Pixel Cutie","https://aesthetics.fandom.com/wiki/Pixel_Cutie",86,"2023-01-13"
"456","Pixiecore","https://aesthetics.fandom.com/wiki/Pixiecore",48,"2023-01-13"
"457","Plaguecore","https://aesthetics.fandom.com/wiki/Plaguecore",1,"2023-01-13"
"458","Plant Mom","https://aesthetics.fandom.com/wiki/Plant_Mom",185,"2023-01-13"
"459","Playboy","https://aesthetics.fandom.com/wiki/Playboy",2434,"2023-01-13"
"460","Pop","https://aesthetics.fandom.com/wiki/Pop",NA,"2023-01-13"
"461","Pop Art","https://aesthetics.fandom.com/wiki/Pop_Art",NA,"2023-01-13"
"462","Pop Kei","https://aesthetics.fandom.com/wiki/Pop_Kei",NA,"2023-01-13"
"463","Post-Apocalyptic","https://aesthetics.fandom.com/wiki/Post-Apocalyptic",106,"2023-01-13"
"464","Post-Impressionism","https://aesthetics.fandom.com/wiki/Post-Impressionism",2,"2023-01-13"
"465","Post-Punk","https://aesthetics.fandom.com/wiki/Post-Punk",677,"2023-01-13"
"466","Post-rock","https://aesthetics.fandom.com/wiki/Post-rock",170,"2023-01-13"
"467","Powwow Step","https://aesthetics.fandom.com/wiki/Powwow_Step",NA,"2023-01-13"
"468","Prairiecore","https://aesthetics.fandom.com/wiki/Prairiecore",85,"2023-01-13"
"469","Pre-Raphaelite","https://aesthetics.fandom.com/wiki/Pre-Raphaelite",2,"2023-01-13"
"470","Prehistoricore","https://aesthetics.fandom.com/wiki/Prehistoricore",NA,"2023-01-13"
"471","Preppy","https://aesthetics.fandom.com/wiki/Preppy",85,"2023-01-13"
"472","Pretty Preppy","https://aesthetics.fandom.com/wiki/Pretty_Preppy",85,"2023-01-13"
"473","Pride flags","https://aesthetics.fandom.com/wiki/Pride_flags",875,"2023-01-13"
"474","Princecore","https://aesthetics.fandom.com/wiki/Princecore",793,"2023-01-13"
"475","Princesscore","https://aesthetics.fandom.com/wiki/Princesscore",834,"2023-01-13"
"476","Printcore","https://aesthetics.fandom.com/wiki/Printcore",57,"2023-01-13"
"477","Progressive Academia","https://aesthetics.fandom.com/wiki/Progressive_academia",NA,"2023-01-13"
"478","Psychedelica","https://aesthetics.fandom.com/wiki/Psychedelica",1592,"2023-01-13"
"479","Punk","https://aesthetics.fandom.com/wiki/Punk",NA,"2023-01-13"
"480","Purism","https://aesthetics.fandom.com/wiki/Purism",62,"2023-01-13"
"481","Quality Tumblr","https://aesthetics.fandom.com/wiki/Quality_Tumblr",NA,"2023-01-13"
"482","Queencore","https://aesthetics.fandom.com/wiki/Queencore",18,"2023-01-13"
"483","Queer Academia","https://aesthetics.fandom.com/wiki/Queer_Academia",NA,"2023-01-13"
"484","Queercore","https://aesthetics.fandom.com/wiki/Queercore",18,"2023-01-13"
"485","R&B","https://aesthetics.fandom.com/wiki/R%26B",58,"2023-01-13"
"486","Racaille","https://aesthetics.fandom.com/wiki/Racaille",NA,"2023-01-13"
"487","Ragecore","https://aesthetics.fandom.com/wiki/Ragecore",31,"2023-01-13"
"488","Rainbowcore","https://aesthetics.fandom.com/wiki/Rainbowcore",49,"2023-01-13"
"489","Rainy Day","https://aesthetics.fandom.com/wiki/Rainy_Day",NA,"2023-01-13"
"490","Randumb","https://aesthetics.fandom.com/wiki/Randumb",NA,"2023-01-13"
"491","Rangercore","https://aesthetics.fandom.com/wiki/Rangercore",NA,"2023-01-13"
"492","Ratcore","https://aesthetics.fandom.com/wiki/Ratcore",1,"2023-01-13"
"493","Ravencore","https://aesthetics.fandom.com/wiki/Ravencore",34,"2023-01-13"
"494","Raver","https://aesthetics.fandom.com/wiki/Raver",8498,"2023-01-13"
"495","Real Life Super Hero","https://aesthetics.fandom.com/wiki/Real_Life_Super_Hero",NA,"2023-01-13"
"496","Realism","https://aesthetics.fandom.com/wiki/Realism",NA,"2023-01-13"
"497","Reefwave","https://aesthetics.fandom.com/wiki/Reefwave",NA,"2023-01-13"
"498","Regency","https://aesthetics.fandom.com/wiki/Regency",1641,"2023-01-13"
"499","Regional Gothic","https://aesthetics.fandom.com/wiki/Regional_Gothic",NA,"2023-01-13"
"500","Retro-Futurism","https://aesthetics.fandom.com/wiki/Retro-Futurism",52,"2023-01-13"
"501","Rivethead","https://aesthetics.fandom.com/wiki/Rivethead",6,"2023-01-13"
"502","Roaring 20s","https://aesthetics.fandom.com/wiki/Roaring_20s",6,"2023-01-13"
"503","Robotics Kid","https://aesthetics.fandom.com/wiki/Robotics_Kids",NA,"2023-01-13"
"504","Rock","https://aesthetics.fandom.com/wiki/Rock",NA,"2023-01-13"
"505","Rockabilly","https://aesthetics.fandom.com/wiki/Rockabilly",288,"2023-01-13"
"506","Rocketpunk","https://aesthetics.fandom.com/wiki/Rocketpunk",NA,"2023-01-13"
"507","Rococo","https://aesthetics.fandom.com/wiki/Rococo",93,"2023-01-13"
"508","Roguecore","https://aesthetics.fandom.com/wiki/Roguecore",NA,"2023-01-13"
"509","Rollerwave","https://aesthetics.fandom.com/wiki/Rollerwave",2,"2023-01-13"
"510","Roma","https://aesthetics.fandom.com/wiki/Roma",NA,"2023-01-13"
"511","Romantic Academia","https://aesthetics.fandom.com/wiki/Romantic_Academia",NA,"2023-01-13"
"512","Romantic Goth","https://aesthetics.fandom.com/wiki/Romantic_Goth",NA,"2023-01-13"
"513","Romantic Italian","https://aesthetics.fandom.com/wiki/Romantic_Italian",NA,"2023-01-13"
"514","Romanticism","https://aesthetics.fandom.com/wiki/Romanticism",32,"2023-01-13"
"515","Rotcore","https://aesthetics.fandom.com/wiki/Rotcore",NA,"2023-01-13"
"516","Royalcore","https://aesthetics.fandom.com/wiki/Royalcore",577,"2023-01-13"
"517","Rusticcore","https://aesthetics.fandom.com/wiki/Rusticcore",1,"2023-01-13"
"518","Sad people","https://aesthetics.fandom.com/wiki/Sadpeople",NA,"2023-01-13"
"519","Salon Kei","https://aesthetics.fandom.com/wiki/Salon_Kei",NA,"2023-01-13"
"520","Salvagepunk","https://aesthetics.fandom.com/wiki/Salvagepunk",2,"2023-01-13"
"521","Sandalpunk","https://aesthetics.fandom.com/wiki/Sandalpunk",NA,"2023-01-13"
"522","Sanriocore","https://aesthetics.fandom.com/wiki/Sanriocore",402,"2023-01-13"
"523","Scene","https://aesthetics.fandom.com/wiki/Scene",8,"2023-01-13"
"524","Schizowave","https://aesthetics.fandom.com/wiki/Schizowave",NA,"2023-01-13"
"525","Schoolgirl Lifestyle","https://aesthetics.fandom.com/wiki/Schoolgirl_Lifestyle",1,"2023-01-13"
"526","Science Academia","https://aesthetics.fandom.com/wiki/Science_Academia",NA,"2023-01-13"
"527","Scoutcore","https://aesthetics.fandom.com/wiki/Scoutcore",1453,"2023-01-13"
"528","Scrapbook","https://aesthetics.fandom.com/wiki/Scrapbook",272,"2023-01-13"
"529","Scrapper","https://aesthetics.fandom.com/wiki/Scrapper",3,"2023-01-13"
"530","Seapunk","https://aesthetics.fandom.com/wiki/Seapunk",46,"2023-01-13"
"531","Selkiecore","https://aesthetics.fandom.com/wiki/Selkiecore",NA,"2023-01-13"
"532","Shabby Chic","https://aesthetics.fandom.com/wiki/Shabby_Chic",NA,"2023-01-13"
"533","Shanzhai","https://aesthetics.fandom.com/wiki/Shanzhai",6,"2023-01-13"
"534","Shā mǎ tè","https://aesthetics.fandom.com/wiki/Sh%C4%81_m%C7%8E_t%C3%A8",NA,"2023-01-13"
"535","Sharpies","https://aesthetics.fandom.com/wiki/Sharpies",36,"2023-01-13"
"536","Shibuya Punk","https://aesthetics.fandom.com/wiki/Shibuya_Punk",NA,"2023-01-13"
"537","Shironuri","https://aesthetics.fandom.com/wiki/Shironuri",NA,"2023-01-13"
"538","Shoegaze","https://aesthetics.fandom.com/wiki/Shoegaze",40,"2023-01-13"
"539","Sigilkore","https://aesthetics.fandom.com/wiki/Sigilkore",NA,"2023-01-13"
"540","Sizz","https://aesthetics.fandom.com/wiki/Sizz",NA,"2023-01-13"
"541","Skater","https://aesthetics.fandom.com/wiki/Skater",15099,"2023-01-13"
"542","Skinheads","https://aesthetics.fandom.com/wiki/Skinheads",6,"2023-01-13"
"543","Sleepycore","https://aesthetics.fandom.com/wiki/Sleepycore",NA,"2023-01-13"
"544","Slimepunk","https://aesthetics.fandom.com/wiki/Slimepunk",NA,"2023-01-13"
"545","Sloanies","https://aesthetics.fandom.com/wiki/Sloanies",5,"2023-01-13"
"546","Slutcore","https://aesthetics.fandom.com/wiki/Slutcore",NA,"2023-01-13"
"547","Snowdrop","https://aesthetics.fandom.com/wiki/Snowdrop",2,"2023-01-13"
"548","Snow Bunny","https://aesthetics.fandom.com/wiki/Snow_Bunny",NA,"2023-01-13"
"549","Soft Apocalypse","https://aesthetics.fandom.com/wiki/Soft_Apocalypse",NA,"2023-01-13"
"550","Soft Grunge","https://aesthetics.fandom.com/wiki/Soft_Grunge",NA,"2023-01-13"
"551","Soft indie","https://aesthetics.fandom.com/wiki/Soft_indie",NA,"2023-01-13"
"552","Soft Macabre","https://aesthetics.fandom.com/wiki/Soft_Macabre",NA,"2023-01-13"
"553","Softie","https://aesthetics.fandom.com/wiki/Softie",727,"2023-01-13"
"554","Soggy","https://aesthetics.fandom.com/wiki/Soggy",NA,"2023-01-13"
"555","Solarpunk","https://aesthetics.fandom.com/wiki/Solarpunk",11,"2023-01-13"
"556","Southern Belle","https://aesthetics.fandom.com/wiki/Southern_Belle",NA,"2023-01-13"
"557","Southern Gothic","https://aesthetics.fandom.com/wiki/Southern_Gothic",NA,"2023-01-13"
"558","Sovietwave","https://aesthetics.fandom.com/wiki/Sovietwave",NA,"2023-01-13"
"559","Spacecore","https://aesthetics.fandom.com/wiki/Spacecore",40,"2023-01-13"
"560","Space Cowboy","https://aesthetics.fandom.com/wiki/Space_Cowboy",NA,"2023-01-13"
"561","Sparklecore","https://aesthetics.fandom.com/wiki/Sparklecore",7,"2023-01-13"
"562","Spiritcore","https://aesthetics.fandom.com/wiki/Spiritcore",NA,"2023-01-13"
"563","Spring","https://aesthetics.fandom.com/wiki/Spring",9180,"2023-01-13"
"564","Spy fiction","https://aesthetics.fandom.com/wiki/Spy_fiction",NA,"2023-01-13"
"565","Starrflesh","https://aesthetics.fandom.com/wiki/Starrflesh",NA,"2023-01-13"
"566","Steampunk","https://aesthetics.fandom.com/wiki/Steampunk",597,"2023-01-13"
"567","Steelpunk","https://aesthetics.fandom.com/wiki/Steelpunk",525,"2023-01-13"
"568","Stilyagi","https://aesthetics.fandom.com/wiki/Stilyagi",NA,"2023-01-13"
"569","Stimwave","https://aesthetics.fandom.com/wiki/Stimwave",NA,"2023-01-13"
"570","Stonepunk","https://aesthetics.fandom.com/wiki/Stonepunk",1,"2023-01-13"
"571","Stoner","https://aesthetics.fandom.com/wiki/Stoner",2442,"2023-01-13"
"572","Stripcore","https://aesthetics.fandom.com/wiki/Stripcore",NA,"2023-01-13"
"573","Studyblr","https://aesthetics.fandom.com/wiki/Studyblr",11,"2023-01-13"
"574","Studyplace","https://aesthetics.fandom.com/wiki/Studyplace",3,"2023-01-13"
"575","Suburban Gothic","https://aesthetics.fandom.com/wiki/Suburban_Gothic",NA,"2023-01-13"
"576","Sukeban","https://aesthetics.fandom.com/wiki/Sukeban",NA,"2023-01-13"
"577","Summer","https://aesthetics.fandom.com/wiki/Summer",26188,"2023-01-13"
"578","Superflat Pop","https://aesthetics.fandom.com/wiki/Superflat_Pop",NA,"2023-01-13"
"579","Suprematism","https://aesthetics.fandom.com/wiki/Suprematism",1,"2023-01-13"
"580","Surf Crush","https://aesthetics.fandom.com/wiki/Surf_Crush",NA,"2023-01-13"
"581","Surrealism","https://aesthetics.fandom.com/wiki/Surrealism",93,"2023-01-13"
"582","Surreal Memer","https://aesthetics.fandom.com/wiki/Surreal_Memer",NA,"2023-01-13"
"583","Swenkas","https://aesthetics.fandom.com/wiki/Swenkas",NA,"2023-01-13"
"584","Swordpunk","https://aesthetics.fandom.com/wiki/Swordpunk",NA,"2023-01-13"
"585","Synthwave","https://aesthetics.fandom.com/wiki/Synthwave",15,"2023-01-13"
"586","Tacticool","https://aesthetics.fandom.com/wiki/Tacticool",36,"2023-01-13"
"587","Takenokozoku","https://aesthetics.fandom.com/wiki/Takenokozoku",NA,"2023-01-13"
"588","Tanbi Kei","https://aesthetics.fandom.com/wiki/Tanbi_Kei",NA,"2023-01-13"
"589","Technical Scene","https://aesthetics.fandom.com/wiki/Technical_Scene",8,"2023-01-13"
"590","Technocore","https://aesthetics.fandom.com/wiki/Technocore",2,"2023-01-13"
"591","Technozen","https://aesthetics.fandom.com/wiki/Technozen",NA,"2023-01-13"
"592","Techwear","https://aesthetics.fandom.com/wiki/Techwear",249,"2023-01-13"
"593","Teddies","https://aesthetics.fandom.com/wiki/Teddies",928,"2023-01-13"
"594","Teenqueen","https://aesthetics.fandom.com/wiki/Teenqueen",NA,"2023-01-13"
"595","Teethcore","https://aesthetics.fandom.com/wiki/Teethcore",3,"2023-01-13"
"596","Terrorwave","https://aesthetics.fandom.com/wiki/Terrorwave",NA,"2023-01-13"
"597","Teslapunk","https://aesthetics.fandom.com/wiki/Teslapunk",NA,"2023-01-13"
"598","That Girl","https://aesthetics.fandom.com/wiki/That_Girl",NA,"2023-01-13"
"599","Theatre Academia","https://aesthetics.fandom.com/wiki/Theatre_Academia",NA,"2023-01-13"
"600","Theatre Kids","https://aesthetics.fandom.com/wiki/Theatre_Kids",NA,"2023-01-13"
"601","Thrasher","https://aesthetics.fandom.com/wiki/Thrasher",631,"2023-01-13"
"602","Thriftcore","https://aesthetics.fandom.com/wiki/Thriftcore",52,"2023-01-13"
"603","Tiki","https://aesthetics.fandom.com/wiki/Tiki",32,"2023-01-13"
"604","Tinkercore","https://aesthetics.fandom.com/wiki/Tinkercore",NA,"2023-01-13"
"605","Tinycore","https://aesthetics.fandom.com/wiki/Tinycore",NA,"2023-01-13"
"606","Tomboy","https://aesthetics.fandom.com/wiki/Tomboy",496,"2023-01-13"
"607","Trad Goth","https://aesthetics.fandom.com/wiki/Trad_Goth",NA,"2023-01-13"
"608","Traditional Korean","https://aesthetics.fandom.com/wiki/Traditional_Korean",1,"2023-01-13"
"609","Trailer Park Princess","https://aesthetics.fandom.com/wiki/Trailer_Park_Princess",NA,"2023-01-13"
"610","Trashcore","https://aesthetics.fandom.com/wiki/Trashcore",12,"2023-01-13"
"611","Traumacore","https://aesthetics.fandom.com/wiki/Traumacore",2,"2023-01-13"
"612","Trenchcore","https://aesthetics.fandom.com/wiki/Trenchcore",52,"2023-01-13"
"613","Trendercore","https://aesthetics.fandom.com/wiki/Trendercore",NA,"2023-01-13"
"614","Trillwave","https://aesthetics.fandom.com/wiki/Trillwave",NA,"2023-01-13"
"615","Tropical","https://aesthetics.fandom.com/wiki/Tropical",802,"2023-01-13"
"616","Tumblewave","https://aesthetics.fandom.com/wiki/Tumblewave",NA,"2023-01-13"
"617","Tupinipunk","https://aesthetics.fandom.com/wiki/Tupinipunk",NA,"2023-01-13"
"618","Tweencore","https://aesthetics.fandom.com/wiki/Tweencore",7,"2023-01-13"
"619","Twee","https://aesthetics.fandom.com/wiki/Twee",4,"2023-01-13"
"620","Ukiyo-e","https://aesthetics.fandom.com/wiki/Ukiyo-e",25,"2023-01-13"
"621","Unicorncore","https://aesthetics.fandom.com/wiki/Unicorncore",3,"2023-01-13"
"622","Urban Fantasy","https://aesthetics.fandom.com/wiki/Urban_Fantasy",NA,"2023-01-13"
"623","Urbancore","https://aesthetics.fandom.com/wiki/Urbancore",14,"2023-01-13"
"624","Utopian Scholastic","https://aesthetics.fandom.com/wiki/Utopian_Scholastic",NA,"2023-01-13"
"625","VARIOUSXYZ","https://aesthetics.fandom.com/wiki/VARIOUSXYZ",NA,"2023-01-13"
"626","Vacation Dadcore","https://aesthetics.fandom.com/wiki/Vacation_Dadcore",7,"2023-01-13"
"627","Valentine's Day","https://aesthetics.fandom.com/wiki/Lovecore",NA,"2023-01-13"
"628","Vampire","https://aesthetics.fandom.com/wiki/Vampire",1928,"2023-01-13"
"629","Vaporwave","https://aesthetics.fandom.com/wiki/Vaporwave",573,"2023-01-13"
"630","Vectorbloom","https://aesthetics.fandom.com/wiki/Vectorbloom",NA,"2023-01-13"
"631","Vectorheart","https://aesthetics.fandom.com/wiki/Vectorheart",NA,"2023-01-13"
"632","Vibrant Academia","https://aesthetics.fandom.com/wiki/Vibrant_Academia",NA,"2023-01-13"
"633","Victorian","https://aesthetics.fandom.com/wiki/Victorian",NA,"2023-01-13"
"634","Victorian Goth","https://aesthetics.fandom.com/wiki/Victorian_Goth",NA,"2023-01-13"
"635","Viking","https://aesthetics.fandom.com/wiki/Viking",46,"2023-01-13"
"636","Villagecore","https://aesthetics.fandom.com/wiki/Villagecore",8,"2023-01-13"
"637","Villaincore","https://aesthetics.fandom.com/wiki/Villaincore",7,"2023-01-13"
"638","Vintage British Sportsman","https://aesthetics.fandom.com/wiki/Vintage_British_Sportsman",NA,"2023-01-13"
"639","Vintage Parisian","https://aesthetics.fandom.com/wiki/Vintage_Parisian",NA,"2023-01-13"
"640","Virgo's Tears","https://aesthetics.fandom.com/wiki/Virgo%27s_Tears",2,"2023-01-13"
"641","Visual Kei","https://aesthetics.fandom.com/wiki/Visual_Kei",NA,"2023-01-13"
"642","VSCO","https://aesthetics.fandom.com/wiki/VSCO",736,"2023-01-13"
"643","VSCO Preppy","https://aesthetics.fandom.com/wiki/VSCO_Preppy",86,"2023-01-13"
"644","Voidcore","https://aesthetics.fandom.com/wiki/Voidcore",5,"2023-01-13"
"645","Voidpunk","https://aesthetics.fandom.com/wiki/Voidpunk",NA,"2023-01-13"
"646","Vorticism","https://aesthetics.fandom.com/wiki/Vorticism",NA,"2023-01-13"
"647","Vulture Culture","https://aesthetics.fandom.com/wiki/Vulture_Culture",36,"2023-01-13"
"648","Wabi-Sabi","https://aesthetics.fandom.com/wiki/Wabi-Sabi",8,"2023-01-13"
"649","Waif","https://aesthetics.fandom.com/wiki/Waif",32,"2023-01-13"
"650","Waldorf","https://aesthetics.fandom.com/wiki/Waldorf",180,"2023-01-13"
"651","Wanderlust","https://aesthetics.fandom.com/wiki/Wanderlust",29,"2023-01-13"
"652","Warmcore","https://aesthetics.fandom.com/wiki/Warmcore",28,"2023-01-13"
"653","Weathercore","https://aesthetics.fandom.com/wiki/Weathercore",NA,"2023-01-13"
"654","Web Creep","https://aesthetics.fandom.com/wiki/Web_Creep",NA,"2023-01-13"
"655","Weeaboo","https://aesthetics.fandom.com/wiki/Weeaboo",NA,"2023-01-13"
"656","Weirdcore","https://aesthetics.fandom.com/wiki/Weirdcore",480,"2023-01-13"
"657","Werewolf","https://aesthetics.fandom.com/wiki/Werewolf",31,"2023-01-13"
"658","Western","https://aesthetics.fandom.com/wiki/Western",3479,"2023-01-13"
"659","Wetcore","https://aesthetics.fandom.com/wiki/Wetcore",46,"2023-01-13"
"660","Wild Child","https://aesthetics.fandom.com/wiki/Wild_Child",NA,"2023-01-13"
"661","Winter","https://aesthetics.fandom.com/wiki/Winter",698,"2023-01-13"
"662","Winter Fairy Coquette","https://aesthetics.fandom.com/wiki/Winter_Fairy_Coquette",NA,"2023-01-13"
"663","Witchy Academia","https://aesthetics.fandom.com/wiki/Witchy_Academia",NA,"2023-01-13"
"664","Witch House","https://aesthetics.fandom.com/wiki/Witch_House",NA,"2023-01-13"
"665","Witchcore","https://aesthetics.fandom.com/wiki/Witchcore",155,"2023-01-13"
"666","Wizardcore","https://aesthetics.fandom.com/wiki/Wizardcore",NA,"2023-01-13"
"667","Wonderland","https://aesthetics.fandom.com/wiki/Wonderland",153,"2023-01-13"
"668","Woodland Goth","https://aesthetics.fandom.com/wiki/Woodland_Goth",NA,"2023-01-13"
"669","Wormcore","https://aesthetics.fandom.com/wiki/Wormcore",28,"2023-01-13"
"670","Writer Academia","https://aesthetics.fandom.com/wiki/Writer_Academia",NA,"2023-01-13"
"671","Wuxia","https://aesthetics.fandom.com/wiki/Wuxia",NA,"2023-01-13"
"672","XO","https://aesthetics.fandom.com/wiki/XO",131,"2023-01-13"
"673","Y2K","https://aesthetics.fandom.com/wiki/Y2K",77165,"2023-01-13"
"674","Yakuza","https://aesthetics.fandom.com/wiki/Yakuza",1,"2023-01-13"
"675","Yami Kawaii","https://aesthetics.fandom.com/wiki/Yami_Kawaii",NA,"2023-01-13"
"676","Yandere","https://aesthetics.fandom.com/wiki/Yandere",12,"2023-01-13"
"677","Yankeecore","https://aesthetics.fandom.com/wiki/Yankeecore",NA,"2023-01-13"
"678","Yanki","https://aesthetics.fandom.com/wiki/Yanki",1,"2023-01-13"
"679","Youthquake","https://aesthetics.fandom.com/wiki/Youthquake",NA,"2023-01-13"
"680","Yume Kawaii","https://aesthetics.fandom.com/wiki/Yume_Kawaii",NA,"2023-01-13"
"681","Zombie Apocalypse","https://aesthetics.fandom.com/wiki/Zombiecore",NA,"2023-01-13"
