"aesthetic","aes_link"
"80s heart-throb","https://aesthetics.fandom.com/wiki/%2780s_heart-throb"
"1950s Suburbia","https://aesthetics.fandom.com/wiki/1950s_Suburbia"
"2000s Autumn","https://aesthetics.fandom.com/wiki/2000%27s_Autumn"
"2010s Internet","https://aesthetics.fandom.com/wiki/2010s_Internet"
"2014 Tumblr","https://aesthetics.fandom.com/wiki/2014_Tumblr"
"2014 Girly","https://aesthetics.fandom.com/wiki/2014_Girly"
"2020 Alt","https://aesthetics.fandom.com/wiki/2020_Alt"
"2K1","https://aesthetics.fandom.com/wiki/2K1"
"2K7","https://aesthetics.fandom.com/wiki/2K7"
"2 Tone","https://aesthetics.fandom.com/wiki/2_Tone"
"80s Ballroom","https://aesthetics.fandom.com/wiki/80s_Ballroom"
"Abstract Tech","https://aesthetics.fandom.com/wiki/Abstract_Tech"
"Acid Pixie","https://aesthetics.fandom.com/wiki/Acid_Pixie"
"Acidwave","https://aesthetics.fandom.com/wiki/Acidwave"
"Acubi","https://aesthetics.fandom.com/wiki/Acubi"
"Adventure Pulp","https://aesthetics.fandom.com/wiki/Adventure_Pulp"
"Adventurecore","https://aesthetics.fandom.com/wiki/Adventurecore"
"Aetherpunk","https://aesthetics.fandom.com/wiki/Aetherpunk"
"Afro-Victorian","https://aesthetics.fandom.com/wiki/Afro-Victorian"
"Afrofuturism","https://aesthetics.fandom.com/wiki/Afrofuturism"
"After Hours","https://aesthetics.fandom.com/wiki/After_Hours"
"Agropeople","https://aesthetics.fandom.com/wiki/Agropeople"
"Ah Beng","https://aesthetics.fandom.com/wiki/Ah_Beng"
"Alien","https://aesthetics.fandom.com/wiki/Alien"
"Alternative","https://aesthetics.fandom.com/wiki/Alternative"
"Amateur Photography","https://aesthetics.fandom.com/wiki/Amateur_Photography"
"American Pioneers","https://aesthetics.fandom.com/wiki/American_Pioneers"
"American Revolution","https://aesthetics.fandom.com/wiki/American_Revolution"
"American Thanksgiving","https://aesthetics.fandom.com/wiki/American_Thanksgiving"
"American Tourist Traps","https://aesthetics.fandom.com/wiki/American_Tourist_Traps"
"Americana","https://aesthetics.fandom.com/wiki/Americana"
"Analog Horror","https://aesthetics.fandom.com/wiki/Analog_Horror"
"Ancient Egypt","https://aesthetics.fandom.com/wiki/Ancient_Egypt"
"Androgynous","https://aesthetics.fandom.com/wiki/Androgynous"
"Angelcore","https://aesthetics.fandom.com/wiki/Angelcore"
"Anglo Gothic","https://aesthetics.fandom.com/wiki/Anglo_Gothic"
"Anglocore","https://aesthetics.fandom.com/wiki/Anglocore"
"Angura","https://aesthetics.fandom.com/wiki/Angura"
"Animecore","https://aesthetics.fandom.com/wiki/Animecore"
"Anoncore","https://aesthetics.fandom.com/wiki/Anoncore"
"Anti-Fashion","https://aesthetics.fandom.com/wiki/Anti-Fashion"
"Antique Grunge","https://aesthetics.fandom.com/wiki/Antique_Grunge"
"Arabfunny","https://aesthetics.fandom.com/wiki/Arabfunny"
"Arcade","https://aesthetics.fandom.com/wiki/Arcade"
"Arcadecore","https://aesthetics.fandom.com/wiki/Arcadecore"
"Art Academia","https://aesthetics.fandom.com/wiki/Art_Academia"
"Art Deco","https://aesthetics.fandom.com/wiki/Art_Deco"
"Art Hoe","https://aesthetics.fandom.com/wiki/Art_Hoe"
"Art Nouveau","https://aesthetics.fandom.com/wiki/Art_Nouveau"
"Artcore","https://aesthetics.fandom.com/wiki/Artcore"
"Artificial Nature","https://aesthetics.fandom.com/wiki/Artificial_Nature"
"Arts and Crafts Movement","https://aesthetics.fandom.com/wiki/Arts_and_Crafts_Movement"
"Asian Baby Girl","https://aesthetics.fandom.com/wiki/Asian_Baby_Girl"
"Athlete","https://aesthetics.fandom.com/wiki/Athlete"
"Atompunk","https://aesthetics.fandom.com/wiki/Atompunk"
"Auroracore","https://aesthetics.fandom.com/wiki/Auroracore"
"Australian Outback","https://aesthetics.fandom.com/wiki/Australian_Outback"
"Australiana","https://aesthetics.fandom.com/wiki/Australiana"
"Autumn","https://aesthetics.fandom.com/wiki/Autumn"
"Autumn Academia","https://aesthetics.fandom.com/wiki/Autumn_Academia"
"Avant-garde","https://aesthetics.fandom.com/wiki/Avant-garde"
"Avant Apocalypse","https://aesthetics.fandom.com/wiki/Avant_Apocalypse"
"Azure","https://aesthetics.fandom.com/wiki/Azure"
"B-Movie Horror","https://aesthetics.fandom.com/wiki/B-Movie_Horror"
"BDSM","https://aesthetics.fandom.com/wiki/BDSM"
"Babycore","https://aesthetics.fandom.com/wiki/Babycore"
"Babygirl","https://aesthetics.fandom.com/wiki/Babygirl"
"Back-to-School","https://aesthetics.fandom.com/wiki/Back-to-School"
"Baddie","https://aesthetics.fandom.com/wiki/Baddie"
"Baidexweb","https://aesthetics.fandom.com/wiki/Baidexweb"
"Bakala","https://aesthetics.fandom.com/wiki/Bakala"
"Ballet Academia","https://aesthetics.fandom.com/wiki/Ballet_Academia"
"Balletcore","https://aesthetics.fandom.com/wiki/Balletcore"
"Baltic Violence Tumblr","https://aesthetics.fandom.com/wiki/Baltic_Violence_Tumblr"
"Barbiecore","https://aesthetics.fandom.com/wiki/Barbiecore"
"Bardcore","https://aesthetics.fandom.com/wiki/Bardcore"
"Baroque","https://aesthetics.fandom.com/wiki/Baroque"
"Bastardcore","https://aesthetics.fandom.com/wiki/Bastardcore"
"Bauhaus","https://aesthetics.fandom.com/wiki/Bauhaus"
"Beach Bunny","https://aesthetics.fandom.com/wiki/Beach_Bunny"
"Beach Day","https://aesthetics.fandom.com/wiki/Beach_Day"
"Beach girl","https://aesthetics.fandom.com/wiki/Beach_girl"
"Beatnik","https://aesthetics.fandom.com/wiki/Beatnik"
"Biker","https://aesthetics.fandom.com/wiki/Biker"
"Bimbocore","https://aesthetics.fandom.com/wiki/Bimbocore"
"Biopunk","https://aesthetics.fandom.com/wiki/Biopunk"
"Bizarro Fiction","https://aesthetics.fandom.com/wiki/Bizarro_Fiction"
"Black-Holed Meme","https://aesthetics.fandom.com/wiki/Black-Holed_Meme"
"Black Metal","https://aesthetics.fandom.com/wiki/Black_Metal"
"Bleak Crush","https://aesthetics.fandom.com/wiki/Bleak_Crush"
"Blokecore","https://aesthetics.fandom.com/wiki/Blokecore"
"Blokette","https://aesthetics.fandom.com/wiki/Blokette"
"Bloomcore","https://aesthetics.fandom.com/wiki/Bloomcore"
"Blue Night","https://aesthetics.fandom.com/wiki/Blue_Night"
"Bodikon","https://aesthetics.fandom.com/wiki/Bodikon"
"Bohemian","https://aesthetics.fandom.com/wiki/Bohemian"
"Bombacore","https://aesthetics.fandom.com/wiki/Bombacore"
"Bookstore Girl","https://aesthetics.fandom.com/wiki/Bookstore_Girl"
"Bosozoku","https://aesthetics.fandom.com/wiki/Bosozoku"
"Boujee","https://aesthetics.fandom.com/wiki/Boujee"
"Boy Next Door","https://aesthetics.fandom.com/wiki/Boy_Next_Door"
"Brazilcore","https://aesthetics.fandom.com/wiki/Brazilcore"
"BrazilianPopBar","https://aesthetics.fandom.com/wiki/BrazilianPopBar"
"Breakcore","https://aesthetics.fandom.com/wiki/Breakcore"
"Britpop","https://aesthetics.fandom.com/wiki/Britpop"
"Bro","https://aesthetics.fandom.com/wiki/Bro"
"Bronzepunk","https://aesthetics.fandom.com/wiki/Bronzepunk"
"Bubble Bujo","https://aesthetics.fandom.com/wiki/Bubble_Bujo"
"Bubble Goth","https://aesthetics.fandom.com/wiki/Bubble_Goth"
"Bubblegum Bitch","https://aesthetics.fandom.com/wiki/Bubblegum_Bitch"
"Bubblegum Dance","https://aesthetics.fandom.com/wiki/Bubblegum_Dance"
"Bubblegum Witch","https://aesthetics.fandom.com/wiki/Bubblegum_Witch"
"Busukawaii","https://aesthetics.fandom.com/wiki/Busukawaii"
"Cabincore","https://aesthetics.fandom.com/wiki/Cabincore"
"Cagole","https://aesthetics.fandom.com/wiki/Cagole"
"Camp","https://aesthetics.fandom.com/wiki/Camp"
"Campcore","https://aesthetics.fandom.com/wiki/Campcore"
"Carnivalcore","https://aesthetics.fandom.com/wiki/Carnivalcore"
"Cartelcore","https://aesthetics.fandom.com/wiki/Cartelcore"
"Cartooncore","https://aesthetics.fandom.com/wiki/Cartooncore"
"Casino","https://aesthetics.fandom.com/wiki/Casino"
"Cassette Futurism","https://aesthetics.fandom.com/wiki/Cassette_Futurism"
"Celtic","https://aesthetics.fandom.com/wiki/Celtic"
"Changelingcore","https://aesthetics.fandom.com/wiki/Changelingcore"
"Chaotic Academia","https://aesthetics.fandom.com/wiki/Chaotic_Academia"
"Chav","https://aesthetics.fandom.com/wiki/Chav"
"Cheiron Crush","https://aesthetics.fandom.com/wiki/Cheiron_Crush"
"Cherry Emoji Twitter","https://aesthetics.fandom.com/wiki/Cherry_Emoji_Twitter"
"Chic Modernist","https://aesthetics.fandom.com/wiki/Chic_Modernist"
"Chicano Lowrider","https://aesthetics.fandom.com/wiki/Chicano_Lowrider"
"Cholo","https://aesthetics.fandom.com/wiki/Cholo"
"Choni","https://aesthetics.fandom.com/wiki/Choni"
"Christcore","https://aesthetics.fandom.com/wiki/Christcore"
"Christian Girl Autumn","https://aesthetics.fandom.com/wiki/Christian_Girl_Autumn"
"Christmas","https://aesthetics.fandom.com/wiki/Christmas"
"Chromecore","https://aesthetics.fandom.com/wiki/Chromecore"
"Chunyu","https://aesthetics.fandom.com/wiki/Chunyu"
"City Pop","https://aesthetics.fandom.com/wiki/City_Pop"
"Classic Academia","https://aesthetics.fandom.com/wiki/Classic_Academia"
"Classicism","https://aesthetics.fandom.com/wiki/Classicism"
"Classic Lolita","https://aesthetics.fandom.com/wiki/Classic_Lolita"
"Cleancore","https://aesthetics.fandom.com/wiki/Cleancore"
"Clean Girl","https://aesthetics.fandom.com/wiki/Clean_girl"
"Clockpunk","https://aesthetics.fandom.com/wiki/Clockpunk"
"Clowncore","https://aesthetics.fandom.com/wiki/Clowncore"
"Club","https://aesthetics.fandom.com/wiki/Club"
"Club Kids","https://aesthetics.fandom.com/wiki/Club_Kids"
"Cluttercore","https://aesthetics.fandom.com/wiki/Cluttercore"
"Coastal Grandmother","https://aesthetics.fandom.com/wiki/Coastal_Grandmother"
"Coffee House/Cafe","https://aesthetics.fandom.com/wiki/Coffee_House/Cafe"
"Coffinwood","https://aesthetics.fandom.com/wiki/Coffinwood"
"Comfy/Cozy","https://aesthetics.fandom.com/wiki/Comfy/Cozy"
"Color Pop","https://aesthetics.fandom.com/wiki/Color_pop"
"Common White Girl","https://aesthetics.fandom.com/wiki/Common_White_Girl"
"Constructivism","https://aesthetics.fandom.com/wiki/Constructivism"
"Corporate","https://aesthetics.fandom.com/wiki/Corporate"
"Corporate Grunge","https://aesthetics.fandom.com/wiki/Corporate_grunge"
"Corporate Memphis","https://aesthetics.fandom.com/wiki/Corporate_Memphis"
"Corporate Punk","https://aesthetics.fandom.com/wiki/Corporate_Punk"
"Cottagecore","https://aesthetics.fandom.com/wiki/Cottagecore"
"Cottagegore","https://aesthetics.fandom.com/wiki/Cottagegore"
"Coquette","https://aesthetics.fandom.com/wiki/Coquette"
"Coquette Academia","https://aesthetics.fandom.com/wiki/Coquette_Academia"
"Country","https://aesthetics.fandom.com/wiki/Country"
"Cozy Childhood Hideaway","https://aesthetics.fandom.com/wiki/Cozy_Childhood_Hideaway"
"C-Pop","https://aesthetics.fandom.com/wiki/C-Pop"
"Crackhead","https://aesthetics.fandom.com/wiki/Crackhead"
"Craftcore","https://aesthetics.fandom.com/wiki/Craftcore"
"Cripplepunk","https://aesthetics.fandom.com/wiki/Cripplepunk"
"Crowcore","https://aesthetics.fandom.com/wiki/Crowcore"
"Crustpunk","https://aesthetics.fandom.com/wiki/Crustpunk"
"Cryptid Academia","https://aesthetics.fandom.com/wiki/Cryptid_Academia"
"Cryptidcore","https://aesthetics.fandom.com/wiki/Cryptidcore"
"Cubism","https://aesthetics.fandom.com/wiki/Cubism"
"Cuddle Party","https://aesthetics.fandom.com/wiki/Cuddle_Party"
"Cultcore","https://aesthetics.fandom.com/wiki/Cultcore"
"Cult Party Kei","https://aesthetics.fandom.com/wiki/Cult_Party_Kei"
"Cutecore","https://aesthetics.fandom.com/wiki/Cutecore"
"Cyberdelic","https://aesthetics.fandom.com/wiki/Cyberdelic"
"Cyber Fairy Grunge","https://aesthetics.fandom.com/wiki/Cyber_Fairy_Grunge"
"Cyberghetto","https://aesthetics.fandom.com/wiki/Cyberghetto"
"Cybergoth","https://aesthetics.fandom.com/wiki/Cybergoth"
"Cybergrunge","https://aesthetics.fandom.com/wiki/Cybergrunge"
"CyberneticPunk","https://aesthetics.fandom.com/wiki/CyberneticPunk"
"Cyberparadism","https://aesthetics.fandom.com/wiki/Cyberparadism"
"Cyberpop","https://aesthetics.fandom.com/wiki/Cyberpop"
"Cyberprep","https://aesthetics.fandom.com/wiki/Cyberprep"
"Cyberpunk","https://aesthetics.fandom.com/wiki/Cyberpunk"
"Cyberspace Webrooms","https://aesthetics.fandom.com/wiki/Cyberspace_Webrooms"
"Cyber Stylin","https://aesthetics.fandom.com/wiki/Cyber_Stylin%27"
"Cybervillain","https://aesthetics.fandom.com/wiki/Cybervillain"
"Danish Pastel","https://aesthetics.fandom.com/wiki/Danish_Pastel"
"Dank Meme Voyage","https://aesthetics.fandom.com/wiki/Dank_Meme_Voyage"
"Dark Academia","https://aesthetics.fandom.com/wiki/Dark_Academia"
"Darkcore","https://aesthetics.fandom.com/wiki/Darkcore"
"DarkErrorcore","https://aesthetics.fandom.com/wiki/DarkErrorcore"
"Darkest Academia","https://aesthetics.fandom.com/wiki/Darkest_Academia"
"Dark Fantasy","https://aesthetics.fandom.com/wiki/Dark_Fantasy"
"Dark Gatsby","https://aesthetics.fandom.com/wiki/Dark_Gatsby"
"Dark Naturalism","https://aesthetics.fandom.com/wiki/Dark_Naturalism"
"Dark Nautical","https://aesthetics.fandom.com/wiki/Dark_Nautical"
"Dark Nymphet","https://aesthetics.fandom.com/wiki/Dark_Nymphet"
"Dark Paradise","https://aesthetics.fandom.com/wiki/Dark_Paradise"
"Dark Y2K","https://aesthetics.fandom.com/wiki/Dark_Y2K"
"Daydreampunk","https://aesthetics.fandom.com/wiki/Daydreampunk"
"Dazecore","https://aesthetics.fandom.com/wiki/Dazecore"
"Deathcore","https://aesthetics.fandom.com/wiki/Deathcore"
"Deathrock","https://aesthetics.fandom.com/wiki/Deathrock"
"Decopunk","https://aesthetics.fandom.com/wiki/Decopunk"
"Decora","https://aesthetics.fandom.com/wiki/Decora"
"Delicate Sweet","https://aesthetics.fandom.com/wiki/Delicate_Sweet"
"Denpa Kei","https://aesthetics.fandom.com/wiki/Denpa_Kei"
"Desertwave","https://aesthetics.fandom.com/wiki/Desertwave"
"Desi Romantic Academia","https://aesthetics.fandom.com/wiki/Desi_Romantic_Academia"
"De Stijl","https://aesthetics.fandom.com/wiki/De_Stijl"
"Dethereal","https://aesthetics.fandom.com/wiki/Dethereal"
"Devilcore","https://aesthetics.fandom.com/wiki/Devilcore"
"Dieselpunk","https://aesthetics.fandom.com/wiki/Dieselpunk"
"Digital Horror","https://aesthetics.fandom.com/wiki/Digital_Horror"
"Digital Oddity","https://aesthetics.fandom.com/wiki/Digital_Oddity"
"Diner","https://aesthetics.fandom.com/wiki/Diner"
"Dionysism","https://aesthetics.fandom.com/wiki/Dionysism"
"Disco","https://aesthetics.fandom.com/wiki/Disco"
"Dokukawaii","https://aesthetics.fandom.com/wiki/Dokukawaii"
"Dollar Store Vernacular","https://aesthetics.fandom.com/wiki/Dollar_store_vernacular"
"Dollcore","https://aesthetics.fandom.com/wiki/Dollcore"
"Dollette","https://aesthetics.fandom.com/wiki/Dollette"
"Dolly Kei","https://aesthetics.fandom.com/wiki/Dolly_Kei"
"Doodlecore","https://aesthetics.fandom.com/wiki/Doodlecore"
"DORFic","https://aesthetics.fandom.com/wiki/DORFic"
"Downtown Girl","https://aesthetics.fandom.com/wiki/Downtown_Girl"
"Dracopunk","https://aesthetics.fandom.com/wiki/Dracopunk"
"Dragoncore","https://aesthetics.fandom.com/wiki/Dragoncore"
"Drain","https://aesthetics.fandom.com/wiki/Drain"
"Dreamcore","https://aesthetics.fandom.com/wiki/Dreamcore"
"Dream Punk","https://aesthetics.fandom.com/wiki/Dream_Punk"
"Dreamy","https://aesthetics.fandom.com/wiki/Dreamy"
"Driftcore","https://aesthetics.fandom.com/wiki/Driftcore"
"Drugcore","https://aesthetics.fandom.com/wiki/Drugcore"
"Dual Kawaii","https://aesthetics.fandom.com/wiki/Dual_Kawaii"
"Dullcore","https://aesthetics.fandom.com/wiki/Dullcore"
"Dungeoncore","https://aesthetics.fandom.com/wiki/Dungeoncore"
"Dungeonpunk","https://aesthetics.fandom.com/wiki/Dungeonpunk"
"Dungeon Synth","https://aesthetics.fandom.com/wiki/Dungeon_Synth"
"Dutch Golden Age","https://aesthetics.fandom.com/wiki/Dutch_Golden_Age"
"Earthcore","https://aesthetics.fandom.com/wiki/Earthcore"
"E-Boy","https://aesthetics.fandom.com/wiki/E-Boy"
"E-Girl","https://aesthetics.fandom.com/wiki/E-Girl"
"Edgy Meme","https://aesthetics.fandom.com/wiki/Edgy_Meme"
"ElectroPop 08","https://aesthetics.fandom.com/wiki/ElectroPop_08"
"Electro Swing","https://aesthetics.fandom.com/wiki/Electro_Swing"
"Elizabethan England","https://aesthetics.fandom.com/wiki/Elizabethan_England"
"Emo","https://aesthetics.fandom.com/wiki/Emo"
"English Major","https://aesthetics.fandom.com/wiki/English_Major"
"Equestrian","https://aesthetics.fandom.com/wiki/Equestrian"
"Erokawa","https://aesthetics.fandom.com/wiki/Erokawa"
"Eshay","https://aesthetics.fandom.com/wiki/Eshay"
"Ethereal","https://aesthetics.fandom.com/wiki/Ethereal"
"Europunk","https://aesthetics.fandom.com/wiki/Europunk"
"EXEcore","https://aesthetics.fandom.com/wiki/EXEcore"
"Expressionism","https://aesthetics.fandom.com/wiki/Expressionism"
"Fairy Academia","https://aesthetics.fandom.com/wiki/Fairy_Academia"
"Fairycore","https://aesthetics.fandom.com/wiki/Fairycore"
"Fairy Grunge","https://aesthetics.fandom.com/wiki/Fairy_Grunge"
"Fairy Kei","https://aesthetics.fandom.com/wiki/Fairy_Kei"
"Fairy Tale","https://aesthetics.fandom.com/wiki/Fairy_Tale"
"Fanfare","https://aesthetics.fandom.com/wiki/Fanfare"
"Fantasy","https://aesthetics.fandom.com/wiki/Fantasy"
"Fantasy Astronomy","https://aesthetics.fandom.com/wiki/Fantasy_Astronomy"
"FantasY2K","https://aesthetics.fandom.com/wiki/FantasY2K"
"Farmers Daughter","https://aesthetics.fandom.com/wiki/Farmer%27s_Daughter"
"Fashwave","https://aesthetics.fandom.com/wiki/Fashwave"
"Fauvism","https://aesthetics.fandom.com/wiki/Fauvism"
"Feísmo","https://aesthetics.fandom.com/wiki/Fe%C3%ADsmo"
"Femboy","https://aesthetics.fandom.com/wiki/Femboy"
"Femcel Weeaboo","https://aesthetics.fandom.com/wiki/Femcel_Weeaboo"
"Femme Fatale","https://aesthetics.fandom.com/wiki/Femme_Fatale"
"Feralcore","https://aesthetics.fandom.com/wiki/Feralcore"
"Fieldcore","https://aesthetics.fandom.com/wiki/Fieldcore"
"Film Noir","https://aesthetics.fandom.com/wiki/Film_Noir"
"Flapper","https://aesthetics.fandom.com/wiki/Flapper"
"Flat Design","https://aesthetics.fandom.com/wiki/Flat_Design"
"Floral Academia","https://aesthetics.fandom.com/wiki/Floral_Academia"
"Floral Metro","https://aesthetics.fandom.com/wiki/Floral_Metro"
"Folk Punk","https://aesthetics.fandom.com/wiki/Folk_Punk"
"Foodie","https://aesthetics.fandom.com/wiki/Foodie"
"Forestpunk","https://aesthetics.fandom.com/wiki/Forestpunk"
"French Girl","https://aesthetics.fandom.com/wiki/French_Girl"
"French Girly","https://aesthetics.fandom.com/wiki/French_Girly"
"Frogcore","https://aesthetics.fandom.com/wiki/Frogcore"
"Frutiger Aero","https://aesthetics.fandom.com/wiki/Frutiger_Aero"
"Frutiger Aurora","https://aesthetics.fandom.com/wiki/Frutiger_Aurora"
"Frutiger Eco","https://aesthetics.fandom.com/wiki/Frutiger_Eco"
"Frutiger Metro","https://aesthetics.fandom.com/wiki/Frutiger_Metro"
"Funky Seasons","https://aesthetics.fandom.com/wiki/Funky_Seasons"
"Furry","https://aesthetics.fandom.com/wiki/Furry"
"Future Funk","https://aesthetics.fandom.com/wiki/Future_Funk"
"Futurism","https://aesthetics.fandom.com/wiki/Futurism"
"Funwaacore","https://aesthetics.fandom.com/wiki/Funwaacore"
"Gadgetpunk","https://aesthetics.fandom.com/wiki/Gadgetpunk"
"Game Night","https://aesthetics.fandom.com/wiki/Game_Night"
"Gamercore","https://aesthetics.fandom.com/wiki/Gamercore"
"Gamine","https://aesthetics.fandom.com/wiki/Gamine"
"Gangstæxtemism","https://aesthetics.fandom.com/wiki/Gangst%C3%A6xtemism"
"Gangstas with Waifus","https://aesthetics.fandom.com/wiki/Gangstas_with_Waifus"
"Gardencore","https://aesthetics.fandom.com/wiki/Gardencore"
"Geek","https://aesthetics.fandom.com/wiki/Geek"
"Gen X Soft Club","https://aesthetics.fandom.com/wiki/Gen_X_Soft_Club"
"Gen Z Maximalism","https://aesthetics.fandom.com/wiki/Gen_Z_maximalism"
"Ghostcore","https://aesthetics.fandom.com/wiki/Ghostcore"
"Girl Crush","https://aesthetics.fandom.com/wiki/Girl_Crush"
"Girl-Next-Door","https://aesthetics.fandom.com/wiki/Girl-Next-Door"
"Girly Girl","https://aesthetics.fandom.com/wiki/Girly_Girl"
"Glam Girl","https://aesthetics.fandom.com/wiki/Glam_Girl"
"Glamorous Los Angeles","https://aesthetics.fandom.com/wiki/Glamorous_Los_Angeles"
"Glam Rock","https://aesthetics.fandom.com/wiki/Glam_Rock"
"Glassmorphism","https://aesthetics.fandom.com/wiki/Glassmorphism"
"Glitchcore","https://aesthetics.fandom.com/wiki/Glitchcore"
"Global Village Coffeehouse","https://aesthetics.fandom.com/wiki/Global_Village_Coffeehouse"
"Gloomcore","https://aesthetics.fandom.com/wiki/Gloomcore"
"Glowwave","https://aesthetics.fandom.com/wiki/Glowwave"
"Goblin Academia","https://aesthetics.fandom.com/wiki/Goblin_Academia"
"Goblincore","https://aesthetics.fandom.com/wiki/Goblincore"
"Golden Age of Detective Fiction","https://aesthetics.fandom.com/wiki/Golden_Age_of_Detective_Fiction"
"Golden Hour","https://aesthetics.fandom.com/wiki/Golden_Hour"
"Goofcore","https://aesthetics.fandom.com/wiki/GoofCore"
"Gopnik","https://aesthetics.fandom.com/wiki/Gopnik"
"Gorecore","https://aesthetics.fandom.com/wiki/Gorecore"
"Gorpcore","https://aesthetics.fandom.com/wiki/Gorpcore"
"Goth","https://aesthetics.fandom.com/wiki/Goth"
"Gothcore","https://aesthetics.fandom.com/wiki/Gothcore"
"Gothic","https://aesthetics.fandom.com/wiki/Gothic"
"Gothic Lolita","https://aesthetics.fandom.com/wiki/Gothic_Lolita"
"Grandmillenial","https://aesthetics.fandom.com/wiki/Grandmillenial"
"Grandparentcore","https://aesthetics.fandom.com/wiki/Grandparentcore"
"Grasscore","https://aesthetics.fandom.com/wiki/Grasscore"
"Greaser","https://aesthetics.fandom.com/wiki/Greaser"
"Green Academia","https://aesthetics.fandom.com/wiki/Green_Academia"
"Grey Academia","https://aesthetics.fandom.com/wiki/Grey_Academia"
"Grifes","https://aesthetics.fandom.com/wiki/Grifes"
"Grindhouse","https://aesthetics.fandom.com/wiki/Grindhouse"
"Gross-Out Horror","https://aesthetics.fandom.com/wiki/Gross-Out_Horror"
"Groundcore","https://aesthetics.fandom.com/wiki/Groundcore"
"Grunge","https://aesthetics.fandom.com/wiki/Grunge"
"Gurokawa","https://aesthetics.fandom.com/wiki/Gurokawa"
"Gyaru","https://aesthetics.fandom.com/wiki/Gyaru"
"Hair Metal","https://aesthetics.fandom.com/wiki/Hair_Metal"
"Halloween","https://aesthetics.fandom.com/wiki/Halloween"
"Hallyu","https://aesthetics.fandom.com/wiki/Hallyu"
"Happycore","https://aesthetics.fandom.com/wiki/Happycore"
"Hatecore","https://aesthetics.fandom.com/wiki/Hatecore"
"Hauntology","https://aesthetics.fandom.com/wiki/Hauntology"
"Haussmann Paris","https://aesthetics.fandom.com/wiki/Haussmann_Paris"
"Health Goth","https://aesthetics.fandom.com/wiki/Health_Goth"
"Heatwave","https://aesthetics.fandom.com/wiki/Heatwave"
"Heisei Retro","https://aesthetics.fandom.com/wiki/Heisei_Retro"
"Heistcore","https://aesthetics.fandom.com/wiki/Heistcore"
"Hellenic","https://aesthetics.fandom.com/wiki/Hellenic"
"Helvetica Aqua Aero","https://aesthetics.fandom.com/wiki/Helvetica_Aqua_Aero"
"Hermaphroditus","https://aesthetics.fandom.com/wiki/Hermaphroditus"
"Hermitpunk","https://aesthetics.fandom.com/wiki/Hermitpunk"
"Hexatron","https://aesthetics.fandom.com/wiki/Hexatron"
"Highlandcore","https://aesthetics.fandom.com/wiki/Highlandcore"
"High School Dream","https://aesthetics.fandom.com/wiki/High_School_Dream"
"Hikecore","https://aesthetics.fandom.com/wiki/Hikecore"
"Hime Lolita","https://aesthetics.fandom.com/wiki/Hime_Lolita"
"Hi-NRG","https://aesthetics.fandom.com/wiki/Hi-NRG"
"Hip-Hop","https://aesthetics.fandom.com/wiki/Hip-Hop"
"Hipness Purgatory","https://aesthetics.fandom.com/wiki/Hipness_Purgatory"
"Hippie","https://aesthetics.fandom.com/wiki/Hippie"
"Hipster","https://aesthetics.fandom.com/wiki/Hipster"
"Historical Americana","https://aesthetics.fandom.com/wiki/Historical_Americana"
"Holosexual","https://aesthetics.fandom.com/wiki/Holosexual"
"Home 2K","https://aesthetics.fandom.com/wiki/Home_2K"
"Honeycore","https://aesthetics.fandom.com/wiki/Honeycore"
"Horror","https://aesthetics.fandom.com/wiki/Horror"
"Horror Academia","https://aesthetics.fandom.com/wiki/Horror_Academia"
"Hot Topic","https://aesthetics.fandom.com/wiki/Hot_Topic"
"Hydrogen","https://aesthetics.fandom.com/wiki/Hydrogen"
"Hyperpop","https://aesthetics.fandom.com/wiki/Hyperpop"
"Icepunk","https://aesthetics.fandom.com/wiki/Icepunk"
"Imaginarium","https://aesthetics.fandom.com/wiki/Imaginarium"
"Impressionism","https://aesthetics.fandom.com/wiki/Impressionism"
"Indicolite","https://aesthetics.fandom.com/wiki/Indicolite"
"Indie","https://aesthetics.fandom.com/wiki/Indie"
"Indiecraft","https://aesthetics.fandom.com/wiki/Indiecraft"
"Indie Kid","https://aesthetics.fandom.com/wiki/Indie_Kid"
"Indie Sleaze","https://aesthetics.fandom.com/wiki/Indie_Sleaze"
"Internet Academia","https://aesthetics.fandom.com/wiki/Internet_Academia"
"I-Spy","https://aesthetics.fandom.com/wiki/I-spy"
"Italian Mafia","https://aesthetics.fandom.com/wiki/Italian_Mafia"
"Italian Renaissance","https://aesthetics.fandom.com/wiki/Italian_Renaissance"
"Italo Disco","https://aesthetics.fandom.com/wiki/Italo_Disco"
"Itasha","https://aesthetics.fandom.com/wiki/Itasha"
"Jamcore","https://aesthetics.fandom.com/wiki/Jamcore"
"Japanese New Left","https://aesthetics.fandom.com/wiki/Japanese_New_Left"
"Jejemon","https://aesthetics.fandom.com/wiki/Jejemon"
"Jersey Shore","https://aesthetics.fandom.com/wiki/Jersey_Shore"
"Jock","https://aesthetics.fandom.com/wiki/Jock"
"Joyride","https://aesthetics.fandom.com/wiki/Joyride"
"Juggalo","https://aesthetics.fandom.com/wiki/Juggalo"
"Junglecore","https://aesthetics.fandom.com/wiki/Junglecore"
"Jungle Grunge","https://aesthetics.fandom.com/wiki/Jungle_Grunge"
"Kaguras","https://aesthetics.fandom.com/wiki/Kaguras"
"Karasu Zoku","https://aesthetics.fandom.com/wiki/Karasu_Zoku"
"Kawaii","https://aesthetics.fandom.com/wiki/Kawaii"
"Kawaii Gamer","https://aesthetics.fandom.com/wiki/Kawaii_Gamer"
"Key West Kitten","https://aesthetics.fandom.com/wiki/Key_West_Kitten"
"Kidcore","https://aesthetics.fandom.com/wiki/Kidcore"
"Kid Science","https://aesthetics.fandom.com/wiki/Kid_Science"
"Kimoicore","https://aesthetics.fandom.com/wiki/Kimoicore"
"Kinderwhore","https://aesthetics.fandom.com/wiki/Kinderwhore"
"Kingcore","https://aesthetics.fandom.com/wiki/Kingcore"
"King Gas","https://aesthetics.fandom.com/wiki/King_Gas"
"Kiwiana","https://aesthetics.fandom.com/wiki/Kiwiana"
"Knightcore","https://aesthetics.fandom.com/wiki/Knightcore"
"Kogal","https://aesthetics.fandom.com/wiki/Kogal"
"Korean Cozy Beige","https://aesthetics.fandom.com/wiki/Korean_Cozy_Beige"
"Kuromicore","https://aesthetics.fandom.com/wiki/Kuromicore"
"Labcore","https://aesthetics.fandom.com/wiki/Labcore"
"Laborwave","https://aesthetics.fandom.com/wiki/Laborwave"
"Lagenlook","https://aesthetics.fandom.com/wiki/Lagenlook"
"Larme Kei","https://aesthetics.fandom.com/wiki/Larme_Kei"
"La Sape","https://aesthetics.fandom.com/wiki/La_Sape"
"Late 2000s Elementary School","https://aesthetics.fandom.com/wiki/Late_2000s_Elementary_School"
"Libertywave","https://aesthetics.fandom.com/wiki/Libertywave"
"Lichencore","https://aesthetics.fandom.com/wiki/Lichencore"
"Light Academia","https://aesthetics.fandom.com/wiki/Light_Academia"
"Lightcore","https://aesthetics.fandom.com/wiki/Lightcore"
"Lightningwave","https://aesthetics.fandom.com/wiki/Lightningwave"
"Lilac Femme","https://aesthetics.fandom.com/wiki/Lilac_femme"
"Lil Girl","https://aesthetics.fandom.com/wiki/Lil_Girl"
"Liminal Space","https://aesthetics.fandom.com/wiki/Liminal_Space"
"Lit Kid","https://aesthetics.fandom.com/wiki/Lit_Kid"
"Lobotomy-Chic","https://aesthetics.fandom.com/wiki/Lobotomy-Chic"
"Lo-Fi","https://aesthetics.fandom.com/wiki/Lo-Fi"
"Lolita","https://aesthetics.fandom.com/wiki/Lolita"
"Long Island","https://aesthetics.fandom.com/wiki/Long_Island"
"Lounge","https://aesthetics.fandom.com/wiki/Lounge"
"Lovecore","https://aesthetics.fandom.com/wiki/Lovecore"
"Low Poly","https://aesthetics.fandom.com/wiki/Low_poly"
"Lunarpunk","https://aesthetics.fandom.com/wiki/Lunarpunk"
"Luxury","https://aesthetics.fandom.com/wiki/Luxury"
"Macaute","https://aesthetics.fandom.com/wiki/Macaute"
"Mad Scientist","https://aesthetics.fandom.com/wiki/Mad_Scientist"
"Magepunk","https://aesthetics.fandom.com/wiki/Magepunk"
"Magewave","https://aesthetics.fandom.com/wiki/Magewave"
"Magical Girls","https://aesthetics.fandom.com/wiki/Magical_Girls"
"Maidcore","https://aesthetics.fandom.com/wiki/Maidcore"
"Mallgoth","https://aesthetics.fandom.com/wiki/Mallgoth"
"Mall Ninja","https://aesthetics.fandom.com/wiki/Mall_Ninja"
"Mallsoft","https://aesthetics.fandom.com/wiki/Mallsoft"
"Manguebeat","https://aesthetics.fandom.com/wiki/Manguebeat"
"Maximalism","https://aesthetics.fandom.com/wiki/Maximalism"
"McBling","https://aesthetics.fandom.com/wiki/McBling"
"Meatcore","https://aesthetics.fandom.com/wiki/Meatcore"
"Medicalcore","https://aesthetics.fandom.com/wiki/Medicalcore"
"Medieval","https://aesthetics.fandom.com/wiki/Medieval"
"Medieval Fantasy","https://aesthetics.fandom.com/wiki/Medieval_Fantasy"
"Memphis Design","https://aesthetics.fandom.com/wiki/Memphis_Design"
"Mermaid","https://aesthetics.fandom.com/wiki/Mermaid"
"Messy French Girl","https://aesthetics.fandom.com/wiki/Messy_french_girl"
"Metal","https://aesthetics.fandom.com/wiki/Metal"
"Metalcore","https://aesthetics.fandom.com/wiki/Metalcore"
"Metalheart","https://aesthetics.fandom.com/wiki/Metalheart"
"Metrosexual","https://aesthetics.fandom.com/wiki/Metrosexual"
"Miami Metro","https://aesthetics.fandom.com/wiki/Miami_Metro"
"Midwest Emo","https://aesthetics.fandom.com/wiki/Midwest_Emo"
"Midwest Gothic","https://aesthetics.fandom.com/wiki/Midwest_Gothic"
"Military","https://aesthetics.fandom.com/wiki/Military"
"Milk","https://aesthetics.fandom.com/wiki/Milk"
"Mind Murder","https://aesthetics.fandom.com/wiki/Mind_Murder"
"Miniaturecore","https://aesthetics.fandom.com/wiki/Miniaturecore"
"Minimalism","https://aesthetics.fandom.com/wiki/Minimalism"
"Minivan Rock","https://aesthetics.fandom.com/wiki/Minivan_Rock"
"Miscellaneous Academia","https://aesthetics.fandom.com/wiki/Miscellaneous_Academia"
"Mizuiro","https://aesthetics.fandom.com/wiki/Mizuiro"
"MLG","https://aesthetics.fandom.com/wiki/MLG"
"Mod","https://aesthetics.fandom.com/wiki/Mod"
"Modernism","https://aesthetics.fandom.com/wiki/Modernism"
"Monumentality","https://aesthetics.fandom.com/wiki/Monumentality"
"Mori Kei","https://aesthetics.fandom.com/wiki/Mori_Kei"
"Morute","https://aesthetics.fandom.com/wiki/Morute"
"Motomami","https://aesthetics.fandom.com/wiki/Motomami"
"Mosscore","https://aesthetics.fandom.com/wiki/Mosscore"
"Mote Kei","https://aesthetics.fandom.com/wiki/Mote_Kei"
"Movida Madrileña","https://aesthetics.fandom.com/wiki/Movida_Madrile%C3%B1a"
"MS Paint","https://aesthetics.fandom.com/wiki/MS_Paint"
"MTV Green Sky","https://aesthetics.fandom.com/wiki/MTV_Green_Sky"
"Mulchcore","https://aesthetics.fandom.com/wiki/Mulchcore"
"Mushroomcore","https://aesthetics.fandom.com/wiki/Mushroomcore"
"Musical Academia","https://aesthetics.fandom.com/wiki/Musical_Academia"
"Mythpunk","https://aesthetics.fandom.com/wiki/Mythpunk"
"Nanchatte Seifuku","https://aesthetics.fandom.com/wiki/Nanchatte_Seifuku"
"Nanopunk","https://aesthetics.fandom.com/wiki/Nanopunk"
"NATOwave","https://aesthetics.fandom.com/wiki/NATOwave"
"Naturecore","https://aesthetics.fandom.com/wiki/Naturecore"
"Nautical","https://aesthetics.fandom.com/wiki/Nautical"
"Nautical Fantasy","https://aesthetics.fandom.com/wiki/Nautical_Fantasy"
"Nazi Chic","https://aesthetics.fandom.com/wiki/Nazi_Chic"
"Neko","https://aesthetics.fandom.com/wiki/Neko"
"Neoclassicism","https://aesthetics.fandom.com/wiki/Neoclassicism"
"Neo-Romanism","https://aesthetics.fandom.com/wiki/Neo-Romanism"
"Neo-Tokyo","https://aesthetics.fandom.com/wiki/Neo-Tokyo"
"Neo-Vikings","https://aesthetics.fandom.com/wiki/Neo-Vikings"
"Nerd","https://aesthetics.fandom.com/wiki/Nerd"
"Nerdcore","https://aesthetics.fandom.com/wiki/Nerdcore"
"Neumorphism","https://aesthetics.fandom.com/wiki/Neumorphism"
"New Age","https://aesthetics.fandom.com/wiki/New_Age"
"New England Gothic","https://aesthetics.fandom.com/wiki/New_England_Gothic"
"New Figuration","https://aesthetics.fandom.com/wiki/New_Figuration"
"New Money","https://aesthetics.fandom.com/wiki/New_Money"
"New Romantic","https://aesthetics.fandom.com/wiki/New_Romantic"
"New Wave","https://aesthetics.fandom.com/wiki/New_Wave"
"Night Luxe","https://aesthetics.fandom.com/wiki/Night_Luxe"
"Nintencore","https://aesthetics.fandom.com/wiki/Nintencore"
"Normcore","https://aesthetics.fandom.com/wiki/Normcore"
"Northerness","https://aesthetics.fandom.com/wiki/Northerness"
"Nostalgiacore","https://aesthetics.fandom.com/wiki/Nostalgiacore"
"Nuclear","https://aesthetics.fandom.com/wiki/Nuclear"
"Nu-Goth","https://aesthetics.fandom.com/wiki/Nu-Goth"
"Nu-Metal","https://aesthetics.fandom.com/wiki/Nu-Metal"
"Nu-Punk","https://aesthetics.fandom.com/wiki/Nu_Punk"
"Nymphet","https://aesthetics.fandom.com/wiki/Nymphet"
"Ocean Academia","https://aesthetics.fandom.com/wiki/Ocean_Academia"
"Ocean Grunge","https://aesthetics.fandom.com/wiki/Ocean_Grunge"
"Oceanpunk","https://aesthetics.fandom.com/wiki/Oceanpunk"
"Offlinecore","https://aesthetics.fandom.com/wiki/Offlinecore"
"Olderbrothercore","https://aesthetics.fandom.com/wiki/Olderbrothercore"
"Old Hollywood","https://aesthetics.fandom.com/wiki/Old_Hollywood"
"Old Memecore","https://aesthetics.fandom.com/wiki/Old_Memecore"
"Old Money","https://aesthetics.fandom.com/wiki/Old_Money"
"Old Web","https://aesthetics.fandom.com/wiki/Old_Web"
"Onii Kei","https://aesthetics.fandom.com/wiki/Onii_Kei"
"Oshare Kei","https://aesthetics.fandom.com/wiki/Oshare_Kei"
"Otaku","https://aesthetics.fandom.com/wiki/Otaku"
"Otherkin","https://aesthetics.fandom.com/wiki/Otherkin"
"Pachuco","https://aesthetics.fandom.com/wiki/Pachuco"
"Pale Grunge","https://aesthetics.fandom.com/wiki/Pale_Grunge"
"Paleocore","https://aesthetics.fandom.com/wiki/Paleocore"
"Palewave","https://aesthetics.fandom.com/wiki/Palewave"
"Paramilitary","https://aesthetics.fandom.com/wiki/Paramilitary"
"Party Animal","https://aesthetics.fandom.com/wiki/Party_Animal"
"Party Kei","https://aesthetics.fandom.com/wiki/Party_Kei"
"Pastel Academia","https://aesthetics.fandom.com/wiki/Pastel_Academia"
"Pastel Gore","https://aesthetics.fandom.com/wiki/Pastel_Gore"
"Pastel Goth","https://aesthetics.fandom.com/wiki/Pastel_Goth"
"Pastel Punk","https://aesthetics.fandom.com/wiki/Pastel_Punk"
"PC Music","https://aesthetics.fandom.com/wiki/PC_Music"
"Peach","https://aesthetics.fandom.com/wiki/Peach"
"Peaky Blinders","https://aesthetics.fandom.com/wiki/Peaky_Blinders"
"Pearly","https://aesthetics.fandom.com/wiki/Pearly"
"Peoplehood","https://aesthetics.fandom.com/wiki/Peoplehood"
"Petcore","https://aesthetics.fandom.com/wiki/Petcore"
"Phony Bureaucracy","https://aesthetics.fandom.com/wiki/Phony_Bureaucracy"
"Photorealism","https://aesthetics.fandom.com/wiki/Photorealism"
"Pig in Jacuzzicore","https://aesthetics.fandom.com/wiki/Pig_in_Jacuzzicore"
"Pink Parisian","https://aesthetics.fandom.com/wiki/Pink_Parisian"
"Pink Pilates Princess","https://aesthetics.fandom.com/wiki/Pink_Pilates_Princess"
"Pink Princess","https://aesthetics.fandom.com/wiki/Pink_Princess"
"Pin-up","https://aesthetics.fandom.com/wiki/Pin-up"
"Pirate","https://aesthetics.fandom.com/wiki/Pirate"
"Pixel Cutie","https://aesthetics.fandom.com/wiki/Pixel_Cutie"
"Pixel Medieval Fantasy","https://aesthetics.fandom.com/wiki/Pixel_Medieval_Fantasy"
"Pixelscape","https://aesthetics.fandom.com/wiki/Pixelscape"
"Pixiecore","https://aesthetics.fandom.com/wiki/Pixiecore"
"Plaguecore","https://aesthetics.fandom.com/wiki/Plaguecore"
"Plant Mom","https://aesthetics.fandom.com/wiki/Plant_Mom"
"Playboy","https://aesthetics.fandom.com/wiki/Playboy"
"Poetcore","https://aesthetics.fandom.com/wiki/Poetcore"
"Poolcore","https://aesthetics.fandom.com/wiki/Poolcore"
"Pop Art","https://aesthetics.fandom.com/wiki/Pop_Art"
"Pop Kei","https://aesthetics.fandom.com/wiki/Pop_Kei"
"Post-Apocalyptic","https://aesthetics.fandom.com/wiki/Post-Apocalyptic"
"Post-Impressionism","https://aesthetics.fandom.com/wiki/Post-Impressionism"
"Post-Punk","https://aesthetics.fandom.com/wiki/Post-Punk"
"Post-rock","https://aesthetics.fandom.com/wiki/Post-rock"
"Powwow Step","https://aesthetics.fandom.com/wiki/Powwow_Step"
"Prairiecore","https://aesthetics.fandom.com/wiki/Prairiecore"
"Prehistoricore","https://aesthetics.fandom.com/wiki/Prehistoricore"
"Preppy","https://aesthetics.fandom.com/wiki/Preppy"
"Prehistoricore","https://aesthetics.fandom.com/wiki/Prehistoricore"
"Pre-Raphaelite","https://aesthetics.fandom.com/wiki/Pre-Raphaelite"
"Pretty Preppy","https://aesthetics.fandom.com/wiki/Pretty_Preppy"
"Pride flags","https://aesthetics.fandom.com/wiki/Pride_flags"
"Princecore","https://aesthetics.fandom.com/wiki/Princecore"
"Princesscore","https://aesthetics.fandom.com/wiki/Princesscore"
"Printcore","https://aesthetics.fandom.com/wiki/Printcore"
"Progressive Academia","https://aesthetics.fandom.com/wiki/Progressive_Academia"
"Psychedelica","https://aesthetics.fandom.com/wiki/Psychedelica"
"Psychonaut","https://aesthetics.fandom.com/wiki/Psychonaut"
"Punk","https://aesthetics.fandom.com/wiki/Punk"
"Purism","https://aesthetics.fandom.com/wiki/Purism"
"Quality Tumblr","https://aesthetics.fandom.com/wiki/Quality_Tumblr"
"Queencore","https://aesthetics.fandom.com/wiki/Queencore"
"Queer Academia","https://aesthetics.fandom.com/wiki/Queer_Academia"
"Queercore","https://aesthetics.fandom.com/wiki/Queercore"
"Queer Villainy","https://aesthetics.fandom.com/wiki/Queer_Villainy"
"R&B","https://aesthetics.fandom.com/wiki/R%26B"
"Racaille","https://aesthetics.fandom.com/wiki/Racaille"
"Ragecore","https://aesthetics.fandom.com/wiki/Ragecore"
"Rainbowcore","https://aesthetics.fandom.com/wiki/Rainbowcore"
"Rainy Day","https://aesthetics.fandom.com/wiki/Rainy_Day"
"Randumb","https://aesthetics.fandom.com/wiki/Randumb"
"Rangercore","https://aesthetics.fandom.com/wiki/Rangercore"
"Ratcore","https://aesthetics.fandom.com/wiki/Ratcore"
"Ravencore","https://aesthetics.fandom.com/wiki/Ravencore"
"Raver","https://aesthetics.fandom.com/wiki/Raver"
"Raxet","https://aesthetics.fandom.com/wiki/Raxet"
"Raygun Gothic","https://aesthetics.fandom.com/wiki/Raygun_Gothic"
"Real Life Super Hero","https://aesthetics.fandom.com/wiki/Real_Life_Super_Hero"
"Realism","https://aesthetics.fandom.com/wiki/Realism"
"Rebel Academia","https://aesthetics.fandom.com/wiki/Rebel_Academia"
"Red Academia","https://aesthetics.fandom.com/wiki/Red_Academia"
"Reefwave","https://aesthetics.fandom.com/wiki/Reefwave"
"Regency","https://aesthetics.fandom.com/wiki/Regency"
"Regional Gothic","https://aesthetics.fandom.com/wiki/Regional_Gothic"
"Renewable Corporate Futurism","https://aesthetics.fandom.com/wiki/Renewable_Corporate_Futurism"
"Retro Fairycore","https://aesthetics.fandom.com/wiki/Retro_Fairycore"
"Retro-Futurism","https://aesthetics.fandom.com/wiki/Retro-Futurism"
"Rivethead","https://aesthetics.fandom.com/wiki/Rivethead"
"Roaring 20s","https://aesthetics.fandom.com/wiki/Roaring_20s"
"Robotcore","https://aesthetics.fandom.com/wiki/Robotcore"
"Robotics Kids","https://aesthetics.fandom.com/wiki/Robotics_Kids"
"Rock","https://aesthetics.fandom.com/wiki/Rock"
"Rockabilly","https://aesthetics.fandom.com/wiki/Rockabilly"
"Rocketpunk","https://aesthetics.fandom.com/wiki/Rocketpunk"
"Rockstar GF","https://aesthetics.fandom.com/wiki/Rockstar_GF"
"Rococo","https://aesthetics.fandom.com/wiki/Rococo"
"Roguecore","https://aesthetics.fandom.com/wiki/Roguecore"
"Rollerwave","https://aesthetics.fandom.com/wiki/Rollerwave"
"Romantic Academia","https://aesthetics.fandom.com/wiki/Romantic_Academia"
"Romantic Goth","https://aesthetics.fandom.com/wiki/Romantic_Goth"
"Romanticism","https://aesthetics.fandom.com/wiki/Romanticism"
"Romantic Italian","https://aesthetics.fandom.com/wiki/Romantic_Italian"
"Rotcore","https://aesthetics.fandom.com/wiki/Rotcore"
"Royalcore","https://aesthetics.fandom.com/wiki/Royalcore"
"Rubber Hose","https://aesthetics.fandom.com/wiki/Rubber_hose"
"Rusticcore","https://aesthetics.fandom.com/wiki/Rusticcore"
"Sacricore","https://aesthetics.fandom.com/wiki/Sacricore"
"Sad people","https://aesthetics.fandom.com/wiki/Sadpeople"
"Salon Kei","https://aesthetics.fandom.com/wiki/Salon_Kei"
"Salvagepunk","https://aesthetics.fandom.com/wiki/Salvagepunk"
"Sandalpunk","https://aesthetics.fandom.com/wiki/Sandalpunk"
"Sanriocore","https://aesthetics.fandom.com/wiki/Sanriocore"
"Scene","https://aesthetics.fandom.com/wiki/Scene"
"Schizowave","https://aesthetics.fandom.com/wiki/Schizowave"
"Science Academia","https://aesthetics.fandom.com/wiki/Science_Academia"
"Scoutcore","https://aesthetics.fandom.com/wiki/Scoutcore"
"Scrapbook","https://aesthetics.fandom.com/wiki/Scrapbook"
"Scrapper","https://aesthetics.fandom.com/wiki/Scrapper"
"Seapunk","https://aesthetics.fandom.com/wiki/Seapunk"
"Sega Uranus","https://aesthetics.fandom.com/wiki/Sega_Uranus"
"Selkiecore","https://aesthetics.fandom.com/wiki/Selkiecore"
"Shabby Chic","https://aesthetics.fandom.com/wiki/Shabby_Chic"
"Shamate","https://aesthetics.fandom.com/wiki/Shamate"
"Shanzhai","https://aesthetics.fandom.com/wiki/Shanzhai"
"Sharpies","https://aesthetics.fandom.com/wiki/Sharpies"
"Shibuya Punk","https://aesthetics.fandom.com/wiki/Shibuya_Punk"
"Shiny Suit 97","https://aesthetics.fandom.com/wiki/Shiny_Suit_97"
"Shironuri","https://aesthetics.fandom.com/wiki/Shironuri"
"Shoegaze","https://aesthetics.fandom.com/wiki/Shoegaze"
"Sigilkore","https://aesthetics.fandom.com/wiki/Sigilkore"
"Sigma Male","https://aesthetics.fandom.com/wiki/Sigma_Male"
"Silicon Dreams","https://aesthetics.fandom.com/wiki/Silicon_Dreams"
"Silkpunk","https://aesthetics.fandom.com/wiki/Silkpunk"
"Sizz","https://aesthetics.fandom.com/wiki/Sizz"
"Skater","https://aesthetics.fandom.com/wiki/Skater"
"Skeuomorphism","https://aesthetics.fandom.com/wiki/Skeuomorphism"
"Skinheads","https://aesthetics.fandom.com/wiki/Skinheads"
"Slimepunk","https://aesthetics.fandom.com/wiki/Slimepunk"
"Sloanie","https://aesthetics.fandom.com/wiki/Sloanie"
"Sleepycore","https://aesthetics.fandom.com/wiki/Sleepycore"
"Slutcore","https://aesthetics.fandom.com/wiki/Slutcore"
"Smilecore","https://aesthetics.fandom.com/wiki/Smilecore"
"Snow Bunny","https://aesthetics.fandom.com/wiki/Snow_Bunny"
"Snowdrop","https://aesthetics.fandom.com/wiki/Snowdrop"
"Social Science Academia","https://aesthetics.fandom.com/wiki/Social_Science_Academia"
"Soft Apocalypse","https://aesthetics.fandom.com/wiki/Soft_Apocalypse"
"Soft Colonial Wanderlust","https://aesthetics.fandom.com/wiki/Soft_Colonial_Wanderlust"
"Soft Countriana","https://aesthetics.fandom.com/wiki/Soft_Countriana"
"Soft Grunge","https://aesthetics.fandom.com/wiki/Soft_Grunge"
"Softie","https://aesthetics.fandom.com/wiki/Softie"
"Soft Indie","https://aesthetics.fandom.com/wiki/Soft_indie"
"Soft Macabre","https://aesthetics.fandom.com/wiki/Soft_Macabre"
"Soft Morningcore","https://aesthetics.fandom.com/wiki/Soft_Morningcore"
"Soggy","https://aesthetics.fandom.com/wiki/Soggy"
"Solarpunk","https://aesthetics.fandom.com/wiki/Solarpunk"
"Southern Belle","https://aesthetics.fandom.com/wiki/Southern_Belle"
"Southern Gothic","https://aesthetics.fandom.com/wiki/Southern_Gothic"
"Soviet","https://aesthetics.fandom.com/wiki/Soviet_Aesthetic"
"Soviet Bloc School","https://aesthetics.fandom.com/wiki/Soviet_bloc_school"
"Sovietwave","https://aesthetics.fandom.com/wiki/Sovietwave"
"Spacecore","https://aesthetics.fandom.com/wiki/Spacecore"
"Sparklecore","https://aesthetics.fandom.com/wiki/Sparklecore"
"Spiritcore","https://aesthetics.fandom.com/wiki/Spiritcore"
"Spriggancore","https://aesthetics.fandom.com/wiki/Spriggancore"
"Spring","https://aesthetics.fandom.com/wiki/Spring"
"Spy Fiction","https://aesthetics.fandom.com/wiki/Spy_Fiction"
"Starrflesh","https://aesthetics.fandom.com/wiki/Starrflesh"
"Steampunk","https://aesthetics.fandom.com/wiki/Steampunk"
"Steelpunk","https://aesthetics.fandom.com/wiki/Steelpunk"
"Stellar Scholar","https://aesthetics.fandom.com/wiki/Stellar_Scholar"
"Stilyagi","https://aesthetics.fandom.com/wiki/Stilyagi"
"Stimwave","https://aesthetics.fandom.com/wiki/Stimwave"
"Stonepunk","https://aesthetics.fandom.com/wiki/Stonepunk"
"Stoner","https://aesthetics.fandom.com/wiki/Stoner"
"Stripcore","https://aesthetics.fandom.com/wiki/Stripcore"
"Studyblr","https://aesthetics.fandom.com/wiki/Studyblr"
"Studyplace","https://aesthetics.fandom.com/wiki/Studyplace"
"Suburban Gothic","https://aesthetics.fandom.com/wiki/Suburban_Gothic"
"Sukeban","https://aesthetics.fandom.com/wiki/Sukeban"
"Summer","https://aesthetics.fandom.com/wiki/Summer"
"Superflat Pop","https://aesthetics.fandom.com/wiki/Superflat_Pop"
"Suprematism","https://aesthetics.fandom.com/wiki/Suprematism"
"Surf Crush","https://aesthetics.fandom.com/wiki/Surf_Crush"
"Surrealism","https://aesthetics.fandom.com/wiki/Surrealism"
"Surreal Memer","https://aesthetics.fandom.com/wiki/Surreal_Memer"
"Sweet Lolita","https://aesthetics.fandom.com/wiki/Sweet_Lolita"
"Swenkas","https://aesthetics.fandom.com/wiki/Swenkas"
"Swordpunk","https://aesthetics.fandom.com/wiki/Swordpunk"
"Synthwave","https://aesthetics.fandom.com/wiki/Synthwave"
"Tacticool","https://aesthetics.fandom.com/wiki/Tacticool"
"Taisho Roman","https://aesthetics.fandom.com/wiki/Taisho_Roman"
"Takenokozoku","https://aesthetics.fandom.com/wiki/Takenokozoku"
"Tanbi Kei","https://aesthetics.fandom.com/wiki/Tanbi_Kei"
"Tango","https://aesthetics.fandom.com/wiki/Tango"
"Technical Scene","https://aesthetics.fandom.com/wiki/Technical_Scene"
"Technocore","https://aesthetics.fandom.com/wiki/Technocore"
"Technoneko2000","https://aesthetics.fandom.com/wiki/Technoneko2000"
"Technozen","https://aesthetics.fandom.com/wiki/Technozen"
"Techwear","https://aesthetics.fandom.com/wiki/Techwear"
"Teddies","https://aesthetics.fandom.com/wiki/Teddies"
"Teenage Dream","https://aesthetics.fandom.com/wiki/Teenage_Dream"
"Teenagers in the Woods","https://aesthetics.fandom.com/wiki/Teenagers_in_the_woods"
"Teenqueen","https://aesthetics.fandom.com/wiki/Teenqueen"
"Telstracore","https://aesthetics.fandom.com/wiki/Telstracore"
"TenderCore","https://aesthetics.fandom.com/wiki/TenderCore"
"Terrorwave","https://aesthetics.fandom.com/wiki/Terrorwave"
"Teslapunk","https://aesthetics.fandom.com/wiki/Teslapunk"
"That Girl","https://aesthetics.fandom.com/wiki/That_Girl"
"Theatre Academia","https://aesthetics.fandom.com/wiki/Theatre_Academia"
"Theatre Kids","https://aesthetics.fandom.com/wiki/Theatre_Kids"
"Thrasher","https://aesthetics.fandom.com/wiki/Thrasher"
"Thriftcore","https://aesthetics.fandom.com/wiki/Thriftcore"
"Tiki","https://aesthetics.fandom.com/wiki/Tiki"
"Tinkercore","https://aesthetics.fandom.com/wiki/Tinkercore"
"Tinycore","https://aesthetics.fandom.com/wiki/Tinycore"
"Tomboy","https://aesthetics.fandom.com/wiki/Tomboy"
"Toxic Core","https://aesthetics.fandom.com/wiki/Toxic_Core"
"Toycore","https://aesthetics.fandom.com/wiki/Toycore"
"Trad Goth","https://aesthetics.fandom.com/wiki/Trad_Goth"
"Trailer Park Princess","https://aesthetics.fandom.com/wiki/Trailer_Park_Princess"
"Trashcore","https://aesthetics.fandom.com/wiki/Trashcore"
"Trashy Raver","https://aesthetics.fandom.com/wiki/Trashy_Raver"
"Traumacore","https://aesthetics.fandom.com/wiki/Traumacore"
"Trenchcore","https://aesthetics.fandom.com/wiki/Trenchcore"
"Trendercore","https://aesthetics.fandom.com/wiki/Trendercore"
"Trillwave","https://aesthetics.fandom.com/wiki/Trillwave"
"Tropical","https://aesthetics.fandom.com/wiki/Tropical"
"Tumblewave","https://aesthetics.fandom.com/wiki/Tumblewave"
"Tupinipunk","https://aesthetics.fandom.com/wiki/Tupinipunk"
"Twee","https://aesthetics.fandom.com/wiki/Twee"
"Tweencore","https://aesthetics.fandom.com/wiki/Tweencore"
"Ukiyo-e","https://aesthetics.fandom.com/wiki/Ukiyo-e"
"Ultraviolet Crush","https://aesthetics.fandom.com/wiki/Ultraviolet_Crush"
"Ulzzang","https://aesthetics.fandom.com/wiki/Ulzzang"
"Unicorncore","https://aesthetics.fandom.com/wiki/Unicorncore"
"Uptown Girl","https://aesthetics.fandom.com/wiki/Uptown_Girl"
"Urban Fantasy","https://aesthetics.fandom.com/wiki/Urban_Fantasy"
"Urbancore","https://aesthetics.fandom.com/wiki/Urbancore"
"UrBling","https://aesthetics.fandom.com/wiki/UrBling"
"Utopian Scholastic","https://aesthetics.fandom.com/wiki/Utopian_Scholastic"
"Vacation Dadcore","https://aesthetics.fandom.com/wiki/Vacation_Dadcore"
"Vampire","https://aesthetics.fandom.com/wiki/Vampire"
"Vanilla Girl","https://aesthetics.fandom.com/wiki/Vanilla_Girl"
"Vaporwave","https://aesthetics.fandom.com/wiki/Vaporwave"
"VARIOUSXYZ","https://aesthetics.fandom.com/wiki/VARIOUSXYZ"
"Vectorbloom","https://aesthetics.fandom.com/wiki/Vectorbloom"
"Vectorheart","https://aesthetics.fandom.com/wiki/Vectorheart"
"Vh1 Sepia Sky","https://aesthetics.fandom.com/wiki/Vh1_Sepia_Sky"
"Vibrant Academia","https://aesthetics.fandom.com/wiki/Vibrant_Academia"
"Victorian","https://aesthetics.fandom.com/wiki/Victorian"
"Victorian Goth","https://aesthetics.fandom.com/wiki/Victorian_Goth"
"Victorian Urban Poverty","https://aesthetics.fandom.com/wiki/Victorian_Urban_Poverty"
"Viking","https://aesthetics.fandom.com/wiki/Viking"
"Villagecore","https://aesthetics.fandom.com/wiki/Villagecore"
"Villaincore","https://aesthetics.fandom.com/wiki/Villaincore"
"Vintage Americana","https://aesthetics.fandom.com/wiki/Vintage_Americana"
"Vintage British Sportsman","https://aesthetics.fandom.com/wiki/Vintage_British_Sportsman"
"Vintage Hero","https://aesthetics.fandom.com/wiki/Vintage_Hero"
"Vintage Parisian","https://aesthetics.fandom.com/wiki/Vintage_Parisian"
"Virgos Tears","https://aesthetics.fandom.com/wiki/Virgo%27s_Tears"
"Visual Kei","https://aesthetics.fandom.com/wiki/Visual_Kei"
"Voidcore","https://aesthetics.fandom.com/wiki/Voidcore"
"Voidpunk","https://aesthetics.fandom.com/wiki/Voidpunk"
"Vorticism","https://aesthetics.fandom.com/wiki/Vorticism"
"VSCO","https://aesthetics.fandom.com/wiki/VSCO"
"VSCO Preppy","https://aesthetics.fandom.com/wiki/VSCO_Preppy"
"Vulture Culture","https://aesthetics.fandom.com/wiki/Vulture_Culture"
"Wabi-Sabi","https://aesthetics.fandom.com/wiki/Wabi-Sabi"
"Waif","https://aesthetics.fandom.com/wiki/Waif"
"Waldorf","https://aesthetics.fandom.com/wiki/Waldorf"
"Wanderlust","https://aesthetics.fandom.com/wiki/Wanderlust"
"Warmcore","https://aesthetics.fandom.com/wiki/Warmcore"
"Weathercore","https://aesthetics.fandom.com/wiki/Weathercore"
"Web Creep","https://aesthetics.fandom.com/wiki/Web_Creep"
"Weeaboo","https://aesthetics.fandom.com/wiki/Weeaboo"
"Weirdcore","https://aesthetics.fandom.com/wiki/Weirdcore"
"Welwitschia Goth","https://aesthetics.fandom.com/wiki/Welwitschia_goth"
"Werewolf","https://aesthetics.fandom.com/wiki/Werewolf"
"Western","https://aesthetics.fandom.com/wiki/Western"
"Wetcore","https://aesthetics.fandom.com/wiki/Wetcore"
"Whimsigothic","https://aesthetics.fandom.com/wiki/Whimsigothic"
"Wild Child","https://aesthetics.fandom.com/wiki/Wild_Child"
"Winter","https://aesthetics.fandom.com/wiki/Winter"
"Winter Academia","https://aesthetics.fandom.com/wiki/Winter_Academia"
"Winter Fairy Coquette","https://aesthetics.fandom.com/wiki/Winter_Fairy_Coquette"
"Witchcore","https://aesthetics.fandom.com/wiki/Witchcore"
"Witch House","https://aesthetics.fandom.com/wiki/Witch_House"
"Witchy Academia","https://aesthetics.fandom.com/wiki/Witchy_Academia"
"Wizardcore","https://aesthetics.fandom.com/wiki/Wizardcore"
"Wonderland","https://aesthetics.fandom.com/wiki/Wonderland"
"Woodland Goth","https://aesthetics.fandom.com/wiki/Woodland_goth"
"Wormcore","https://aesthetics.fandom.com/wiki/Wormcore"
"Writer Academia","https://aesthetics.fandom.com/wiki/Writer_Academia"
"Wuxia","https://aesthetics.fandom.com/wiki/Wuxia"
"XO","https://aesthetics.fandom.com/wiki/XO"
"Y2K","https://aesthetics.fandom.com/wiki/Y2K"
"Yakuza","https://aesthetics.fandom.com/wiki/Yakuza"
"Yami Kawaii","https://aesthetics.fandom.com/wiki/Yami_Kawaii"
"Yandere","https://aesthetics.fandom.com/wiki/Yandere"
"Yankeecore","https://aesthetics.fandom.com/wiki/Yankeecore"
"Yanki","https://aesthetics.fandom.com/wiki/Yanki"
"Yellow Academia","https://aesthetics.fandom.com/wiki/Yellow_Academia"
"Youthquake","https://aesthetics.fandom.com/wiki/Youthquake"
"Yume Kawaii","https://aesthetics.fandom.com/wiki/Yume_Kawaii"
"Zombiecore","https://aesthetics.fandom.com/wiki/Zombiecore"
